{
    "wallTime": 0,
    "cpuTime": 0,
    "truncated": false,
    "executionModel": "stateless",
    "outcome": "ok",
    "scriptVersion": {
        "id": "f13a955f-0998-445c-9ffd-b254408327cf"
    },
    "scriptName": "smarta-api",
    "diagnosticsChannelEvents": [],
    "exceptions": [],
    "logs": [],
    "eventTimestamp": 1778424443594,
    "event": {
        "request": {
            "url": "https://smarta-api.smarta-api.workers.dev/api/admin/settlements",
            "method": "OPTIONS",
            "headers": {
                "accept": "*/*",
                "accept-encoding": "gzip, br",
                "accept-language": "he-IL,he;q=0.9,en-US;q=0.8,en;q=0.7",
                "access-control-request-headers": "authorization",
                "access-control-request-method": "GET",
                "cf-connecting-ip": "212.199.218.246",
                "cf-ipcountry": "IL",
                "cf-ray": "9f99bd247d6a58a1",
                "cf-visitor": "{\"scheme\":\"https\"}",
                "connection": "Keep-Alive",
                "host": "smarta-api.smarta-api.workers.dev",
                "origin": "https://caplanim1967-sudo.github.io",
                "priority": "u=1, i",
                "sec-fetch-dest": "empty",
                "sec-fetch-mode": "cors",
                "sec-fetch-site": "cross-site",
                "user-agent": "Mozilla/5.0 (Windows NT 10.0; Win64; x64) AppleWebKit/537.36 (KHTML, like Gecko) Chrome/147.0.0.0 Safari/537.36",
                "x-forwarded-proto": "https",
                "x-real-ip": "212.199.218.246"
            },
            "cf": {
                "httpProtocol": "HTTP/3",
                "clientAcceptEncoding": "gzip, deflate, br",
                "requestPriority": "",
                "edgeRequestKeepAliveStatus": 1,
                "requestHeaderNames": {},
                "clientTcpRtt": 0,
                "clientQuicRtt": 23,
                "colo": "TLV",
                "asn": 12400,
                "asOrganization": "GOLDENLINES-NET-WAN",
                "country": "IL",
                "isEUCountry": false,
                "city": "Tel Aviv",
                "continent": "AS",
                "region": "Tel Aviv",
                "regionCode": "TA",
                "timezone": "Asia/Jerusalem",
                "longitude": "34.78057",
                "latitude": "32.08088",
                "tlsVersion": "TLSv1.3",
                "tlsCipher": "AEAD-AES128-GCM-SHA256",
                "tlsClientRandom": "/ZKvL61PlwJ09pPa+exsXN6iXeLe+a8w8sixcVht/vI=",
                "tlsClientCiphersSha1": "3HTt3+R/6BL3zeALJDSq0pR1yOQ=",
                "tlsClientExtensionsSha1": "9zVjA2DM337ObNzBBTnvQ3cknFQ=",
                "tlsClientExtensionsSha1Le": "qn+4qNDc8EgNXJHJu/1Kxu1dqFY=",
                "tlsClientHelloLength": "1755",
                "tlsClientAuth": {
                    "certPresented": "0",
                    "certVerified": "NONE",
                    "certRevoked": "0",
                    "certIssuerDN": "",
                    "certSubjectDN": "",
                    "certIssuerDNRFC2253": "",
                    "certSubjectDNRFC2253": "",
                    "certIssuerDNLegacy": "",
                    "certSubjectDNLegacy": "",
                    "certSerial": "",
                    "certIssuerSerial": "",
                    "certSKI": "",
                    "certIssuerSKI": "",
                    "certFingerprintSHA1": "",
                    "certFingerprintSHA256": "",
                    "certNotBefore": "",
                    "certNotAfter": "",
                    "certRFC9440": "",
                    "certRFC9440TooLarge": false,
                    "certChainRFC9440": "",
                    "certChainRFC9440TooLarge": false
                },
                "verifiedBotCategory": "",
                "edgeL4": {
                    "deliveryRate": 58066
                }
            }
        },
        "response": {
            "status": 204
        }
    }
}
{
    "wallTime": 346,
    "cpuTime": 0,
    "truncated": false,
    "executionModel": "stateless",
    "outcome": "ok",
    "scriptVersion": {
        "id": "f13a955f-0998-445c-9ffd-b254408327cf"
    },
    "scriptName": "smarta-api",
    "diagnosticsChannelEvents": [],
    "exceptions": [],
    "logs": [],
    "eventTimestamp": 1778424443611,
    "event": {
        "request": {
            "url": "https://smarta-api.smarta-api.workers.dev/api/admin/settlements",
            "method": "GET",
            "headers": {
                "accept": "*/*",
                "accept-encoding": "gzip, br",
                "accept-language": "he-IL,he;q=0.9,en-US;q=0.8,en;q=0.7",
                "authorization": "REDACTED",
                "cf-connecting-ip": "212.199.218.246",
                "cf-ipcountry": "IL",
                "cf-ray": "9f99bd248d6d58a1",
                "cf-visitor": "{\"scheme\":\"https\"}",
                "connection": "Keep-Alive",
                "host": "smarta-api.smarta-api.workers.dev",
                "origin": "https://caplanim1967-sudo.github.io",
                "priority": "u=1, i",
                "sec-ch-ua": "\"Google Chrome\";v=\"147\", \"Not.A/Brand\";v=\"8\", \"Chromium\";v=\"147\"",
                "sec-ch-ua-mobile": "?0",
                "sec-ch-ua-platform": "\"Windows\"",
                "sec-fetch-dest": "empty",
                "sec-fetch-mode": "cors",
                "sec-fetch-site": "cross-site",
                "user-agent": "Mozilla/5.0 (Windows NT 10.0; Win64; x64) AppleWebKit/537.36 (KHTML, like Gecko) Chrome/147.0.0.0 Safari/537.36",
                "x-forwarded-proto": "https",
                "x-real-ip": "212.199.218.246"
            },
            "cf": {
                "httpProtocol": "HTTP/3",
                "clientAcceptEncoding": "gzip, deflate, br",
                "requestPriority": "",
                "edgeRequestKeepAliveStatus": 1,
                "requestHeaderNames": {},
                "clientTcpRtt": 0,
                "clientQuicRtt": 19,
                "colo": "TLV",
                "asn": 12400,
                "asOrganization": "GOLDENLINES-NET-WAN",
                "country": "IL",
                "isEUCountry": false,
                "city": "Tel Aviv",
                "continent": "AS",
                "region": "Tel Aviv",
                "regionCode": "TA",
                "timezone": "Asia/Jerusalem",
                "longitude": "34.78057",
                "latitude": "32.08088",
                "tlsVersion": "TLSv1.3",
                "tlsCipher": "AEAD-AES128-GCM-SHA256",
                "tlsClientRandom": "/ZKvL61PlwJ09pPa+exsXN6iXeLe+a8w8sixcVht/vI=",
                "tlsClientCiphersSha1": "3HTt3+R/6BL3zeALJDSq0pR1yOQ=",
                "tlsClientExtensionsSha1": "9zVjA2DM337ObNzBBTnvQ3cknFQ=",
                "tlsClientExtensionsSha1Le": "qn+4qNDc8EgNXJHJu/1Kxu1dqFY=",
                "tlsClientHelloLength": "1755",
                "tlsClientAuth": {
                    "certPresented": "0",
                    "certVerified": "NONE",
                    "certRevoked": "0",
                    "certIssuerDN": "",
                    "certSubjectDN": "",
                    "certIssuerDNRFC2253": "",
                    "certSubjectDNRFC2253": "",
                    "certIssuerDNLegacy": "",
                    "certSubjectDNLegacy": "",
                    "certSerial": "",
                    "certIssuerSerial": "",
                    "certSKI": "",
                    "certIssuerSKI": "",
                    "certFingerprintSHA1": "",
                    "certFingerprintSHA256": "",
                    "certNotBefore": "",
                    "certNotAfter": "",
                    "certRFC9440": "",
                    "certRFC9440TooLarge": false,
                    "certChainRFC9440": "",
                    "certChainRFC9440TooLarge": false
                },
                "verifiedBotCategory": "",
                "edgeL4": {
                    "deliveryRate": 61625
                }
            }
        },
        "response": {
            "status": 200
        }
    }
}
{
    "wallTime": 0,
    "cpuTime": 0,
    "truncated": false,
    "executionModel": "stateless",
    "outcome": "ok",
    "scriptVersion": {
        "id": "f13a955f-0998-445c-9ffd-b254408327cf"
    },
    "scriptName": "smarta-api",
    "diagnosticsChannelEvents": [],
    "exceptions": [],
    "logs": [],
    "eventTimestamp": 1778424443981,
    "event": {
        "request": {
            "url": "https://smarta-api.smarta-api.workers.dev/api/admin/lockers",
            "method": "OPTIONS",
            "headers": {
                "accept": "*/*",
                "accept-encoding": "gzip, br",
                "accept-language": "he-IL,he;q=0.9,en-US;q=0.8,en;q=0.7",
                "access-control-request-headers": "authorization",
                "access-control-request-method": "GET",
                "cf-connecting-ip": "212.199.218.246",
                "cf-ipcountry": "IL",
                "cf-ray": "9f99bd26dd9b58a1",
                "cf-visitor": "{\"scheme\":\"https\"}",
                "connection": "Keep-Alive",
                "host": "smarta-api.smarta-api.workers.dev",
                "origin": "https://caplanim1967-sudo.github.io",
                "priority": "u=1, i",
                "sec-fetch-dest": "empty",
                "sec-fetch-mode": "cors",
                "sec-fetch-site": "cross-site",
                "user-agent": "Mozilla/5.0 (Windows NT 10.0; Win64; x64) AppleWebKit/537.36 (KHTML, like Gecko) Chrome/147.0.0.0 Safari/537.36",
                "x-forwarded-proto": "https",
                "x-real-ip": "212.199.218.246"
            },
            "cf": {
                "httpProtocol": "HTTP/3",
                "clientAcceptEncoding": "gzip, deflate, br",
                "requestPriority": "",
                "edgeRequestKeepAliveStatus": 1,
                "requestHeaderNames": {},
                "clientTcpRtt": 0,
                "clientQuicRtt": 19,
                "colo": "TLV",
                "asn": 12400,
                "asOrganization": "GOLDENLINES-NET-WAN",
                "country": "IL",
                "isEUCountry": false,
                "city": "Tel Aviv",
                "continent": "AS",
                "region": "Tel Aviv",
                "regionCode": "TA",
                "timezone": "Asia/Jerusalem",
                "longitude": "34.78057",
                "latitude": "32.08088",
                "tlsVersion": "TLSv1.3",
                "tlsCipher": "AEAD-AES128-GCM-SHA256",
                "tlsClientRandom": "/ZKvL61PlwJ09pPa+exsXN6iXeLe+a8w8sixcVht/vI=",
                "tlsClientCiphersSha1": "3HTt3+R/6BL3zeALJDSq0pR1yOQ=",
                "tlsClientExtensionsSha1": "9zVjA2DM337ObNzBBTnvQ3cknFQ=",
                "tlsClientExtensionsSha1Le": "qn+4qNDc8EgNXJHJu/1Kxu1dqFY=",
                "tlsClientHelloLength": "1755",
                "tlsClientAuth": {
                    "certPresented": "0",
                    "certVerified": "NONE",
                    "certRevoked": "0",
                    "certIssuerDN": "",
                    "certSubjectDN": "",
                    "certIssuerDNRFC2253": "",
                    "certSubjectDNRFC2253": "",
                    "certIssuerDNLegacy": "",
                    "certSubjectDNLegacy": "",
                    "certSerial": "",
                    "certIssuerSerial": "",
                    "certSKI": "",
                    "certIssuerSKI": "",
                    "certFingerprintSHA1": "",
                    "certFingerprintSHA256": "",
                    "certNotBefore": "",
                    "certNotAfter": "",
                    "certRFC9440": "",
                    "certRFC9440TooLarge": false,
                    "certChainRFC9440": "",
                    "certChainRFC9440TooLarge": false
                },
                "verifiedBotCategory": "",
                "edgeL4": {
                    "deliveryRate": 138661
                }
            }
        },
        "response": {
            "status": 204
        }
    }
}
{
    "wallTime": 76,
    "cpuTime": 0,
    "truncated": false,
    "executionModel": "stateless",
    "outcome": "ok",
    "scriptVersion": {
        "id": "f13a955f-0998-445c-9ffd-b254408327cf"
    },
    "scriptName": "smarta-api",
    "diagnosticsChannelEvents": [],
    "exceptions": [],
    "logs": [],
    "eventTimestamp": 1778424443998,
    "event": {
        "request": {
            "url": "https://smarta-api.smarta-api.workers.dev/api/admin/lockers",
            "method": "GET",
            "headers": {
                "accept": "*/*",
                "accept-encoding": "gzip, br",
                "accept-language": "he-IL,he;q=0.9,en-US;q=0.8,en;q=0.7",
                "authorization": "REDACTED",
                "cf-connecting-ip": "212.199.218.246",
                "cf-ipcountry": "IL",
                "cf-ray": "9f99bd26fd9c58a1",
                "cf-visitor": "{\"scheme\":\"https\"}",
                "connection": "Keep-Alive",
                "host": "smarta-api.smarta-api.workers.dev",
                "origin": "https://caplanim1967-sudo.github.io",
                "priority": "u=1, i",
                "sec-ch-ua": "\"Google Chrome\";v=\"147\", \"Not.A/Brand\";v=\"8\", \"Chromium\";v=\"147\"",
                "sec-ch-ua-mobile": "?0",
                "sec-ch-ua-platform": "\"Windows\"",
                "sec-fetch-dest": "empty",
                "sec-fetch-mode": "cors",
                "sec-fetch-site": "cross-site",
                "user-agent": "Mozilla/5.0 (Windows NT 10.0; Win64; x64) AppleWebKit/537.36 (KHTML, like Gecko) Chrome/147.0.0.0 Safari/537.36",
                "x-forwarded-proto": "https",
                "x-real-ip": "212.199.218.246"
            },
            "cf": {
                "httpProtocol": "HTTP/3",
                "clientAcceptEncoding": "gzip, deflate, br",
                "requestPriority": "",
                "edgeRequestKeepAliveStatus": 1,
                "requestHeaderNames": {},
                "clientTcpRtt": 0,
                "clientQuicRtt": 18,
                "colo": "TLV",
                "asn": 12400,
                "asOrganization": "GOLDENLINES-NET-WAN",
                "country": "IL",
                "isEUCountry": false,
                "city": "Tel Aviv",
                "continent": "AS",
                "region": "Tel Aviv",
                "regionCode": "TA",
                "timezone": "Asia/Jerusalem",
                "longitude": "34.78057",
                "latitude": "32.08088",
                "tlsVersion": "TLSv1.3",
                "tlsCipher": "AEAD-AES128-GCM-SHA256",
                "tlsClientRandom": "/ZKvL61PlwJ09pPa+exsXN6iXeLe+a8w8sixcVht/vI=",
                "tlsClientCiphersSha1": "3HTt3+R/6BL3zeALJDSq0pR1yOQ=",
                "tlsClientExtensionsSha1": "9zVjA2DM337ObNzBBTnvQ3cknFQ=",
                "tlsClientExtensionsSha1Le": "qn+4qNDc8EgNXJHJu/1Kxu1dqFY=",
                "tlsClientHelloLength": "1755",
                "tlsClientAuth": {
                    "certPresented": "0",
                    "certVerified": "NONE",
                    "certRevoked": "0",
                    "certIssuerDN": "",
                    "certSubjectDN": "",
                    "certIssuerDNRFC2253": "",
                    "certSubjectDNRFC2253": "",
                    "certIssuerDNLegacy": "",
                    "certSubjectDNLegacy": "",
                    "certSerial": "",
                    "certIssuerSerial": "",
                    "certSKI": "",
                    "certIssuerSKI": "",
                    "certFingerprintSHA1": "",
                    "certFingerprintSHA256": "",
                    "certNotBefore": "",
                    "certNotAfter": "",
                    "certRFC9440": "",
                    "certRFC9440TooLarge": false,
                    "certChainRFC9440": "",
                    "certChainRFC9440TooLarge": false
                },
                "verifiedBotCategory": "",
                "edgeL4": {
                    "deliveryRate": 138661
                }
            }
        },
        "response": {
            "status": 200
        }
    }
}
{
    "wallTime": 0,
    "cpuTime": 0,
    "truncated": false,
    "executionModel": "stateless",
    "outcome": "ok",
    "scriptVersion": {
        "id": "f13a955f-0998-445c-9ffd-b254408327cf"
    },
    "scriptName": "smarta-api",
    "diagnosticsChannelEvents": [],
    "exceptions": [],
    "logs": [],
    "eventTimestamp": 1778424446840,
    "event": {
        "request": {
            "url": "https://smarta-api.smarta-api.workers.dev/api/admin/impersonate",
            "method": "OPTIONS",
            "headers": {
                "accept": "*/*",
                "accept-encoding": "gzip, br",
                "accept-language": "he-IL,he;q=0.9,en-US;q=0.8,en;q=0.7",
                "access-control-request-headers": "authorization,content-type",
                "access-control-request-method": "POST",
                "cf-connecting-ip": "212.199.218.246",
                "cf-ipcountry": "IL",
                "cf-ray": "9f99bd38b86858a1",
                "cf-visitor": "{\"scheme\":\"https\"}",
                "connection": "Keep-Alive",
                "host": "smarta-api.smarta-api.workers.dev",
                "origin": "https://caplanim1967-sudo.github.io",
                "priority": "u=1, i",
                "sec-fetch-dest": "empty",
                "sec-fetch-mode": "cors",
                "sec-fetch-site": "cross-site",
                "user-agent": "Mozilla/5.0 (Windows NT 10.0; Win64; x64) AppleWebKit/537.36 (KHTML, like Gecko) Chrome/147.0.0.0 Safari/537.36",
                "x-forwarded-proto": "https",
                "x-real-ip": "212.199.218.246"
            },
            "cf": {
                "httpProtocol": "HTTP/3",
                "clientAcceptEncoding": "gzip, deflate, br",
                "requestPriority": "",
                "edgeRequestKeepAliveStatus": 1,
                "requestHeaderNames": {},
                "clientTcpRtt": 0,
                "clientQuicRtt": 18,
                "colo": "TLV",
                "asn": 12400,
                "asOrganization": "GOLDENLINES-NET-WAN",
                "country": "IL",
                "isEUCountry": false,
                "city": "Tel Aviv",
                "continent": "AS",
                "region": "Tel Aviv",
                "regionCode": "TA",
                "timezone": "Asia/Jerusalem",
                "longitude": "34.78057",
                "latitude": "32.08088",
                "tlsVersion": "TLSv1.3",
                "tlsCipher": "AEAD-AES128-GCM-SHA256",
                "tlsClientRandom": "/ZKvL61PlwJ09pPa+exsXN6iXeLe+a8w8sixcVht/vI=",
                "tlsClientCiphersSha1": "3HTt3+R/6BL3zeALJDSq0pR1yOQ=",
                "tlsClientExtensionsSha1": "9zVjA2DM337ObNzBBTnvQ3cknFQ=",
                "tlsClientExtensionsSha1Le": "qn+4qNDc8EgNXJHJu/1Kxu1dqFY=",
                "tlsClientHelloLength": "1755",
                "tlsClientAuth": {
                    "certPresented": "0",
                    "certVerified": "NONE",
                    "certRevoked": "0",
                    "certIssuerDN": "",
                    "certSubjectDN": "",
                    "certIssuerDNRFC2253": "",
                    "certSubjectDNRFC2253": "",
                    "certIssuerDNLegacy": "",
                    "certSubjectDNLegacy": "",
                    "certSerial": "",
                    "certIssuerSerial": "",
                    "certSKI": "",
                    "certIssuerSKI": "",
                    "certFingerprintSHA1": "",
                    "certFingerprintSHA256": "",
                    "certNotBefore": "",
                    "certNotAfter": "",
                    "certRFC9440": "",
                    "certRFC9440TooLarge": false,
                    "certChainRFC9440": "",
                    "certChainRFC9440TooLarge": false
                },
                "verifiedBotCategory": "",
                "edgeL4": {
                    "deliveryRate": 138661
                }
            }
        },
        "response": {
            "status": 204
        }
    }
}
{
    "wallTime": 75,
    "cpuTime": 1,
    "truncated": false,
    "executionModel": "stateless",
    "outcome": "ok",
    "scriptVersion": {
        "id": "f13a955f-0998-445c-9ffd-b254408327cf"
    },
    "scriptName": "smarta-api",
    "diagnosticsChannelEvents": [],
    "exceptions": [],
    "logs": [],
    "eventTimestamp": 1778424446862,
    "event": {
        "request": {
            "url": "https://smarta-api.smarta-api.workers.dev/api/admin/impersonate",
            "method": "POST",
            "headers": {
                "accept": "*/*",
                "accept-encoding": "gzip, br",
                "accept-language": "he-IL,he;q=0.9,en-US;q=0.8,en;q=0.7",
                "authorization": "REDACTED",
                "cf-connecting-ip": "212.199.218.246",
                "cf-ipcountry": "IL",
                "cf-ray": "9f99bd38e86d58a1",
                "cf-visitor": "{\"scheme\":\"https\"}",
                "connection": "Keep-Alive",
                "content-length": "25",
                "content-type": "application/json",
                "host": "smarta-api.smarta-api.workers.dev",
                "origin": "https://caplanim1967-sudo.github.io",
                "priority": "u=1, i",
                "sec-ch-ua": "\"Google Chrome\";v=\"147\", \"Not.A/Brand\";v=\"8\", \"Chromium\";v=\"147\"",
                "sec-ch-ua-mobile": "?0",
                "sec-ch-ua-platform": "\"Windows\"",
                "sec-fetch-dest": "empty",
                "sec-fetch-mode": "cors",
                "sec-fetch-site": "cross-site",
                "user-agent": "Mozilla/5.0 (Windows NT 10.0; Win64; x64) AppleWebKit/537.36 (KHTML, like Gecko) Chrome/147.0.0.0 Safari/537.36",
                "x-forwarded-proto": "https",
                "x-real-ip": "212.199.218.246"
            },
            "cf": {
                "httpProtocol": "HTTP/3",
                "clientAcceptEncoding": "gzip, deflate, br",
                "requestPriority": "",
                "edgeRequestKeepAliveStatus": 1,
                "requestHeaderNames": {},
                "clientTcpRtt": 0,
                "clientQuicRtt": 17,
                "colo": "TLV",
                "asn": 12400,
                "asOrganization": "GOLDENLINES-NET-WAN",
                "country": "IL",
                "isEUCountry": false,
                "city": "Tel Aviv",
                "continent": "AS",
                "region": "Tel Aviv",
                "regionCode": "TA",
                "timezone": "Asia/Jerusalem",
                "longitude": "34.78057",
                "latitude": "32.08088",
                "tlsVersion": "TLSv1.3",
                "tlsCipher": "AEAD-AES128-GCM-SHA256",
                "tlsClientRandom": "/ZKvL61PlwJ09pPa+exsXN6iXeLe+a8w8sixcVht/vI=",
                "tlsClientCiphersSha1": "3HTt3+R/6BL3zeALJDSq0pR1yOQ=",
                "tlsClientExtensionsSha1": "9zVjA2DM337ObNzBBTnvQ3cknFQ=",
                "tlsClientExtensionsSha1Le": "qn+4qNDc8EgNXJHJu/1Kxu1dqFY=",
                "tlsClientHelloLength": "1755",
                "tlsClientAuth": {
                    "certPresented": "0",
                    "certVerified": "NONE",
                    "certRevoked": "0",
                    "certIssuerDN": "",
                    "certSubjectDN": "",
                    "certIssuerDNRFC2253": "",
                    "certSubjectDNRFC2253": "",
                    "certIssuerDNLegacy": "",
                    "certSubjectDNLegacy": "",
                    "certSerial": "",
                    "certIssuerSerial": "",
                    "certSKI": "",
                    "certIssuerSKI": "",
                    "certFingerprintSHA1": "",
                    "certFingerprintSHA256": "",
                    "certNotBefore": "",
                    "certNotAfter": "",
                    "certRFC9440": "",
                    "certRFC9440TooLarge": false,
                    "certChainRFC9440": "",
                    "certChainRFC9440TooLarge": false
                },
                "verifiedBotCategory": "",
                "edgeL4": {
                    "deliveryRate": 138661
                }
            }
        },
        "response": {
            "status": 200
        }
    }
}
{
    "wallTime": 0,
    "cpuTime": 0,
    "truncated": false,
    "executionModel": "stateless",
    "outcome": "ok",
    "scriptVersion": {
        "id": "f13a955f-0998-445c-9ffd-b254408327cf"
    },
    "scriptName": "smarta-api",
    "diagnosticsChannelEvents": [],
    "exceptions": [],
    "logs": [],
    "eventTimestamp": 1778424447063,
    "event": {
        "request": {
            "url": "https://smarta-api.smarta-api.workers.dev/api/courier/lockers",
            "method": "OPTIONS",
            "headers": {
                "accept": "*/*",
                "accept-encoding": "gzip, br",
                "accept-language": "he-IL,he;q=0.9,en-US;q=0.8,en;q=0.7",
                "access-control-request-headers": "authorization",
                "access-control-request-method": "GET",
                "cf-connecting-ip": "212.199.218.246",
                "cf-ipcountry": "IL",
                "cf-ray": "9f99bd3a289158a1",
                "cf-visitor": "{\"scheme\":\"https\"}",
                "connection": "Keep-Alive",
                "host": "smarta-api.smarta-api.workers.dev",
                "origin": "https://caplanim1967-sudo.github.io",
                "priority": "u=1, i",
                "sec-fetch-dest": "empty",
                "sec-fetch-mode": "cors",
                "sec-fetch-site": "cross-site",
                "user-agent": "Mozilla/5.0 (Windows NT 10.0; Win64; x64) AppleWebKit/537.36 (KHTML, like Gecko) Chrome/147.0.0.0 Safari/537.36",
                "x-forwarded-proto": "https",
                "x-real-ip": "212.199.218.246"
            },
            "cf": {
                "httpProtocol": "HTTP/3",
                "clientAcceptEncoding": "gzip, deflate, br",
                "requestPriority": "",
                "edgeRequestKeepAliveStatus": 1,
                "requestHeaderNames": {},
                "clientTcpRtt": 0,
                "clientQuicRtt": 17,
                "colo": "TLV",
                "asn": 12400,
                "asOrganization": "GOLDENLINES-NET-WAN",
                "country": "IL",
                "isEUCountry": false,
                "city": "Tel Aviv",
                "continent": "AS",
                "region": "Tel Aviv",
                "regionCode": "TA",
                "timezone": "Asia/Jerusalem",
                "longitude": "34.78057",
                "latitude": "32.08088",
                "tlsVersion": "TLSv1.3",
                "tlsCipher": "AEAD-AES128-GCM-SHA256",
                "tlsClientRandom": "/ZKvL61PlwJ09pPa+exsXN6iXeLe+a8w8sixcVht/vI=",
                "tlsClientCiphersSha1": "3HTt3+R/6BL3zeALJDSq0pR1yOQ=",
                "tlsClientExtensionsSha1": "9zVjA2DM337ObNzBBTnvQ3cknFQ=",
                "tlsClientExtensionsSha1Le": "qn+4qNDc8EgNXJHJu/1Kxu1dqFY=",
                "tlsClientHelloLength": "1755",
                "tlsClientAuth": {
                    "certPresented": "0",
                    "certVerified": "NONE",
                    "certRevoked": "0",
                    "certIssuerDN": "",
                    "certSubjectDN": "",
                    "certIssuerDNRFC2253": "",
                    "certSubjectDNRFC2253": "",
                    "certIssuerDNLegacy": "",
                    "certSubjectDNLegacy": "",
                    "certSerial": "",
                    "certIssuerSerial": "",
                    "certSKI": "",
                    "certIssuerSKI": "",
                    "certFingerprintSHA1": "",
                    "certFingerprintSHA256": "",
                    "certNotBefore": "",
                    "certNotAfter": "",
                    "certRFC9440": "",
                    "certRFC9440TooLarge": false,
                    "certChainRFC9440": "",
                    "certChainRFC9440TooLarge": false
                },
                "verifiedBotCategory": "",
                "edgeL4": {
                    "deliveryRate": 138661
                }
            }
        },
        "response": {
            "status": 204
        }
    }
}
{
    "wallTime": 135,
    "cpuTime": 1,
    "truncated": false,
    "executionModel": "stateless",
    "outcome": "ok",
    "scriptVersion": {
        "id": "f13a955f-0998-445c-9ffd-b254408327cf"
    },
    "scriptName": "smarta-api",
    "diagnosticsChannelEvents": [],
    "exceptions": [],
    "logs": [],
    "eventTimestamp": 1778424447083,
    "event": {
        "request": {
            "url": "https://smarta-api.smarta-api.workers.dev/api/courier/lockers",
            "method": "GET",
            "headers": {
                "accept": "*/*",
                "accept-encoding": "gzip, br",
                "accept-language": "he-IL,he;q=0.9,en-US;q=0.8,en;q=0.7",
                "authorization": "REDACTED",
                "cf-connecting-ip": "212.199.218.246",
                "cf-ipcountry": "IL",
                "cf-ray": "9f99bd3a489758a1",
                "cf-visitor": "{\"scheme\":\"https\"}",
                "connection": "Keep-Alive",
                "host": "smarta-api.smarta-api.workers.dev",
                "origin": "https://caplanim1967-sudo.github.io",
                "priority": "u=1, i",
                "sec-ch-ua": "\"Google Chrome\";v=\"147\", \"Not.A/Brand\";v=\"8\", \"Chromium\";v=\"147\"",
                "sec-ch-ua-mobile": "?0",
                "sec-ch-ua-platform": "\"Windows\"",
                "sec-fetch-dest": "empty",
                "sec-fetch-mode": "cors",
                "sec-fetch-site": "cross-site",
                "user-agent": "Mozilla/5.0 (Windows NT 10.0; Win64; x64) AppleWebKit/537.36 (KHTML, like Gecko) Chrome/147.0.0.0 Safari/537.36",
                "x-forwarded-proto": "https",
                "x-real-ip": "212.199.218.246"
            },
            "cf": {
                "httpProtocol": "HTTP/3",
                "clientAcceptEncoding": "gzip, deflate, br",
                "requestPriority": "",
                "edgeRequestKeepAliveStatus": 1,
                "requestHeaderNames": {},
                "clientTcpRtt": 0,
                "clientQuicRtt": 16,
                "colo": "TLV",
                "asn": 12400,
                "asOrganization": "GOLDENLINES-NET-WAN",
                "country": "IL",
                "isEUCountry": false,
                "city": "Tel Aviv",
                "continent": "AS",
                "region": "Tel Aviv",
                "regionCode": "TA",
                "timezone": "Asia/Jerusalem",
                "longitude": "34.78057",
                "latitude": "32.08088",
                "tlsVersion": "TLSv1.3",
                "tlsCipher": "AEAD-AES128-GCM-SHA256",
                "tlsClientRandom": "/ZKvL61PlwJ09pPa+exsXN6iXeLe+a8w8sixcVht/vI=",
                "tlsClientCiphersSha1": "3HTt3+R/6BL3zeALJDSq0pR1yOQ=",
                "tlsClientExtensionsSha1": "9zVjA2DM337ObNzBBTnvQ3cknFQ=",
                "tlsClientExtensionsSha1Le": "qn+4qNDc8EgNXJHJu/1Kxu1dqFY=",
                "tlsClientHelloLength": "1755",
                "tlsClientAuth": {
                    "certPresented": "0",
                    "certVerified": "NONE",
                    "certRevoked": "0",
                    "certIssuerDN": "",
                    "certSubjectDN": "",
                    "certIssuerDNRFC2253": "",
                    "certSubjectDNRFC2253": "",
                    "certIssuerDNLegacy": "",
                    "certSubjectDNLegacy": "",
                    "certSerial": "",
                    "certIssuerSerial": "",
                    "certSKI": "",
                    "certIssuerSKI": "",
                    "certFingerprintSHA1": "",
                    "certFingerprintSHA256": "",
                    "certNotBefore": "",
                    "certNotAfter": "",
                    "certRFC9440": "",
                    "certRFC9440TooLarge": false,
                    "certChainRFC9440": "",
                    "certChainRFC9440TooLarge": false
                },
                "verifiedBotCategory": "",
                "edgeL4": {
                    "deliveryRate": 138661
                }
            }
        },
        "response": {
            "status": 200
        }
    }
}
{
    "wallTime": 0,
    "cpuTime": 0,
    "truncated": false,
    "executionModel": "stateless",
    "outcome": "ok",
    "scriptVersion": {
        "id": "f13a955f-0998-445c-9ffd-b254408327cf"
    },
    "scriptName": "smarta-api",
    "diagnosticsChannelEvents": [],
    "exceptions": [],
    "logs": [],
    "eventTimestamp": 1778424450181,
    "event": {
        "request": {
            "url": "https://smarta-api.smarta-api.workers.dev/api/locker",
            "method": "OPTIONS",
            "headers": {
                "accept": "*/*",
                "accept-encoding": "gzip, br",
                "accept-language": "he-IL,he;q=0.9,en-US;q=0.8,en;q=0.7",
                "access-control-request-headers": "authorization",
                "access-control-request-method": "GET",
                "cf-connecting-ip": "212.199.218.246",
                "cf-ipcountry": "IL",
                "cf-ray": "9f99bd4d9acb58a1",
                "cf-visitor": "{\"scheme\":\"https\"}",
                "connection": "Keep-Alive",
                "host": "smarta-api.smarta-api.workers.dev",
                "origin": "https://caplanim1967-sudo.github.io",
                "priority": "u=1, i",
                "sec-fetch-dest": "empty",
                "sec-fetch-mode": "cors",
                "sec-fetch-site": "cross-site",
                "user-agent": "Mozilla/5.0 (Windows NT 10.0; Win64; x64) AppleWebKit/537.36 (KHTML, like Gecko) Chrome/147.0.0.0 Safari/537.36",
                "x-forwarded-proto": "https",
                "x-real-ip": "212.199.218.246"
            },
            "cf": {
                "httpProtocol": "HTTP/3",
                "clientAcceptEncoding": "gzip, deflate, br",
                "requestPriority": "",
                "edgeRequestKeepAliveStatus": 1,
                "requestHeaderNames": {},
                "clientTcpRtt": 0,
                "clientQuicRtt": 17,
                "colo": "TLV",
                "asn": 12400,
                "asOrganization": "GOLDENLINES-NET-WAN",
                "country": "IL",
                "isEUCountry": false,
                "city": "Tel Aviv",
                "continent": "AS",
                "region": "Tel Aviv",
                "regionCode": "TA",
                "timezone": "Asia/Jerusalem",
                "longitude": "34.78057",
                "latitude": "32.08088",
                "tlsVersion": "TLSv1.3",
                "tlsCipher": "AEAD-AES128-GCM-SHA256",
                "tlsClientRandom": "/ZKvL61PlwJ09pPa+exsXN6iXeLe+a8w8sixcVht/vI=",
                "tlsClientCiphersSha1": "3HTt3+R/6BL3zeALJDSq0pR1yOQ=",
                "tlsClientExtensionsSha1": "9zVjA2DM337ObNzBBTnvQ3cknFQ=",
                "tlsClientExtensionsSha1Le": "qn+4qNDc8EgNXJHJu/1Kxu1dqFY=",
                "tlsClientHelloLength": "1755",
                "tlsClientAuth": {
                    "certPresented": "0",
                    "certVerified": "NONE",
                    "certRevoked": "0",
                    "certIssuerDN": "",
                    "certSubjectDN": "",
                    "certIssuerDNRFC2253": "",
                    "certSubjectDNRFC2253": "",
                    "certIssuerDNLegacy": "",
                    "certSubjectDNLegacy": "",
                    "certSerial": "",
                    "certIssuerSerial": "",
                    "certSKI": "",
                    "certIssuerSKI": "",
                    "certFingerprintSHA1": "",
                    "certFingerprintSHA256": "",
                    "certNotBefore": "",
                    "certNotAfter": "",
                    "certRFC9440": "",
                    "certRFC9440TooLarge": false,
                    "certChainRFC9440": "",
                    "certChainRFC9440TooLarge": false
                },
                "verifiedBotCategory": "",
                "edgeL4": {
                    "deliveryRate": 138661
                }
            }
        },
        "response": {
            "status": 204
        }
    }
}
{
    "wallTime": 72,
    "cpuTime": 0,
    "truncated": false,
    "executionModel": "stateless",
    "outcome": "ok",
    "scriptVersion": {
        "id": "f13a955f-0998-445c-9ffd-b254408327cf"
    },
    "scriptName": "smarta-api",
    "diagnosticsChannelEvents": [],
    "exceptions": [],
    "logs": [],
    "eventTimestamp": 1778424450199,
    "event": {
        "request": {
            "url": "https://smarta-api.smarta-api.workers.dev/api/locker",
            "method": "GET",
            "headers": {
                "accept": "*/*",
                "accept-encoding": "gzip, br",
                "accept-language": "he-IL,he;q=0.9,en-US;q=0.8,en;q=0.7",
                "authorization": "REDACTED",
                "cf-connecting-ip": "212.199.218.246",
                "cf-ipcountry": "IL",
                "cf-ray": "9f99bd4dbad058a1",
                "cf-visitor": "{\"scheme\":\"https\"}",
                "connection": "Keep-Alive",
                "host": "smarta-api.smarta-api.workers.dev",
                "origin": "https://caplanim1967-sudo.github.io",
                "priority": "u=1, i",
                "sec-ch-ua": "\"Google Chrome\";v=\"147\", \"Not.A/Brand\";v=\"8\", \"Chromium\";v=\"147\"",
                "sec-ch-ua-mobile": "?0",
                "sec-ch-ua-platform": "\"Windows\"",
                "sec-fetch-dest": "empty",
                "sec-fetch-mode": "cors",
                "sec-fetch-site": "cross-site",
                "user-agent": "Mozilla/5.0 (Windows NT 10.0; Win64; x64) AppleWebKit/537.36 (KHTML, like Gecko) Chrome/147.0.0.0 Safari/537.36",
                "x-forwarded-proto": "https",
                "x-real-ip": "212.199.218.246"
            },
            "cf": {
                "httpProtocol": "HTTP/3",
                "clientAcceptEncoding": "gzip, deflate, br",
                "requestPriority": "",
                "edgeRequestKeepAliveStatus": 1,
                "requestHeaderNames": {},
                "clientTcpRtt": 0,
                "clientQuicRtt": 16,
                "colo": "TLV",
                "asn": 12400,
                "asOrganization": "GOLDENLINES-NET-WAN",
                "country": "IL",
                "isEUCountry": false,
                "city": "Tel Aviv",
                "continent": "AS",
                "region": "Tel Aviv",
                "regionCode": "TA",
                "timezone": "Asia/Jerusalem",
                "longitude": "34.78057",
                "latitude": "32.08088",
                "tlsVersion": "TLSv1.3",
                "tlsCipher": "AEAD-AES128-GCM-SHA256",
                "tlsClientRandom": "/ZKvL61PlwJ09pPa+exsXN6iXeLe+a8w8sixcVht/vI=",
                "tlsClientCiphersSha1": "3HTt3+R/6BL3zeALJDSq0pR1yOQ=",
                "tlsClientExtensionsSha1": "9zVjA2DM337ObNzBBTnvQ3cknFQ=",
                "tlsClientExtensionsSha1Le": "qn+4qNDc8EgNXJHJu/1Kxu1dqFY=",
                "tlsClientHelloLength": "1755",
                "tlsClientAuth": {
                    "certPresented": "0",
                    "certVerified": "NONE",
                    "certRevoked": "0",
                    "certIssuerDN": "",
                    "certSubjectDN": "",
                    "certIssuerDNRFC2253": "",
                    "certSubjectDNRFC2253": "",
                    "certIssuerDNLegacy": "",
                    "certSubjectDNLegacy": "",
                    "certSerial": "",
                    "certIssuerSerial": "",
                    "certSKI": "",
                    "certIssuerSKI": "",
                    "certFingerprintSHA1": "",
                    "certFingerprintSHA256": "",
                    "certNotBefore": "",
                    "certNotAfter": "",
                    "certRFC9440": "",
                    "certRFC9440TooLarge": false,
                    "certChainRFC9440": "",
                    "certChainRFC9440TooLarge": false
                },
                "verifiedBotCategory": "",
                "edgeL4": {
                    "deliveryRate": 138661
                }
            }
        },
        "response": {
            "status": 200
        }
    }
}
{
    "wallTime": 0,
    "cpuTime": 0,
    "truncated": false,
    "executionModel": "stateless",
    "outcome": "ok",
    "scriptVersion": {
        "id": "f13a955f-0998-445c-9ffd-b254408327cf"
    },
    "scriptName": "smarta-api",
    "diagnosticsChannelEvents": [],
    "exceptions": [],
    "logs": [],
    "eventTimestamp": 1778424450293,
    "event": {
        "request": {
            "url": "https://smarta-api.smarta-api.workers.dev/api/packages?status=waiting",
            "method": "OPTIONS",
            "headers": {
                "accept": "*/*",
                "accept-encoding": "gzip, br",
                "accept-language": "he-IL,he;q=0.9,en-US;q=0.8,en;q=0.7",
                "access-control-request-headers": "authorization",
                "access-control-request-method": "GET",
                "cf-connecting-ip": "212.199.218.246",
                "cf-ipcountry": "IL",
                "cf-ray": "9f99bd4e5ade58a1",
                "cf-visitor": "{\"scheme\":\"https\"}",
                "connection": "Keep-Alive",
                "host": "smarta-api.smarta-api.workers.dev",
                "origin": "https://caplanim1967-sudo.github.io",
                "priority": "u=1, i",
                "sec-fetch-dest": "empty",
                "sec-fetch-mode": "cors",
                "sec-fetch-site": "cross-site",
                "user-agent": "Mozilla/5.0 (Windows NT 10.0; Win64; x64) AppleWebKit/537.36 (KHTML, like Gecko) Chrome/147.0.0.0 Safari/537.36",
                "x-forwarded-proto": "https",
                "x-real-ip": "212.199.218.246"
            },
            "cf": {
                "httpProtocol": "HTTP/3",
                "clientAcceptEncoding": "gzip, deflate, br",
                "requestPriority": "",
                "edgeRequestKeepAliveStatus": 1,
                "requestHeaderNames": {},
                "clientTcpRtt": 0,
                "clientQuicRtt": 16,
                "colo": "TLV",
                "asn": 12400,
                "asOrganization": "GOLDENLINES-NET-WAN",
                "country": "IL",
                "isEUCountry": false,
                "city": "Tel Aviv",
                "continent": "AS",
                "region": "Tel Aviv",
                "regionCode": "TA",
                "timezone": "Asia/Jerusalem",
                "longitude": "34.78057",
                "latitude": "32.08088",
                "tlsVersion": "TLSv1.3",
                "tlsCipher": "AEAD-AES128-GCM-SHA256",
                "tlsClientRandom": "/ZKvL61PlwJ09pPa+exsXN6iXeLe+a8w8sixcVht/vI=",
                "tlsClientCiphersSha1": "3HTt3+R/6BL3zeALJDSq0pR1yOQ=",
                "tlsClientExtensionsSha1": "9zVjA2DM337ObNzBBTnvQ3cknFQ=",
                "tlsClientExtensionsSha1Le": "qn+4qNDc8EgNXJHJu/1Kxu1dqFY=",
                "tlsClientHelloLength": "1755",
                "tlsClientAuth": {
                    "certPresented": "0",
                    "certVerified": "NONE",
                    "certRevoked": "0",
                    "certIssuerDN": "",
                    "certSubjectDN": "",
                    "certIssuerDNRFC2253": "",
                    "certSubjectDNRFC2253": "",
                    "certIssuerDNLegacy": "",
                    "certSubjectDNLegacy": "",
                    "certSerial": "",
                    "certIssuerSerial": "",
                    "certSKI": "",
                    "certIssuerSKI": "",
                    "certFingerprintSHA1": "",
                    "certFingerprintSHA256": "",
                    "certNotBefore": "",
                    "certNotAfter": "",
                    "certRFC9440": "",
                    "certRFC9440TooLarge": false,
                    "certChainRFC9440": "",
                    "certChainRFC9440TooLarge": false
                },
                "verifiedBotCategory": "",
                "edgeL4": {
                    "deliveryRate": 138661
                }
            }
        },
        "response": {
            "status": 204
        }
    }
}
{
    "wallTime": 0,
    "cpuTime": 0,
    "truncated": false,
    "executionModel": "stateless",
    "outcome": "ok",
    "scriptVersion": {
        "id": "f13a955f-0998-445c-9ffd-b254408327cf"
    },
    "scriptName": "smarta-api",
    "diagnosticsChannelEvents": [],
    "exceptions": [],
    "logs": [],
    "eventTimestamp": 1778424450292,
    "event": {
        "request": {
            "url": "https://smarta-api.smarta-api.workers.dev/api/residents",
            "method": "OPTIONS",
            "headers": {
                "accept": "*/*",
                "accept-encoding": "gzip, br",
                "accept-language": "he-IL,he;q=0.9,en-US;q=0.8,en;q=0.7",
                "access-control-request-headers": "authorization",
                "access-control-request-method": "GET",
                "cf-connecting-ip": "212.199.218.246",
                "cf-ipcountry": "IL",
                "cf-ray": "9f99bd4e5ada58a1",
                "cf-visitor": "{\"scheme\":\"https\"}",
                "connection": "Keep-Alive",
                "host": "smarta-api.smarta-api.workers.dev",
                "origin": "https://caplanim1967-sudo.github.io",
                "priority": "u=1, i",
                "sec-fetch-dest": "empty",
                "sec-fetch-mode": "cors",
                "sec-fetch-site": "cross-site",
                "user-agent": "Mozilla/5.0 (Windows NT 10.0; Win64; x64) AppleWebKit/537.36 (KHTML, like Gecko) Chrome/147.0.0.0 Safari/537.36",
                "x-forwarded-proto": "https",
                "x-real-ip": "212.199.218.246"
            },
            "cf": {
                "httpProtocol": "HTTP/3",
                "clientAcceptEncoding": "gzip, deflate, br",
                "requestPriority": "",
                "edgeRequestKeepAliveStatus": 1,
                "requestHeaderNames": {},
                "clientTcpRtt": 0,
                "clientQuicRtt": 16,
                "colo": "TLV",
                "asn": 12400,
                "asOrganization": "GOLDENLINES-NET-WAN",
                "country": "IL",
                "isEUCountry": false,
                "city": "Tel Aviv",
                "continent": "AS",
                "region": "Tel Aviv",
                "regionCode": "TA",
                "timezone": "Asia/Jerusalem",
                "longitude": "34.78057",
                "latitude": "32.08088",
                "tlsVersion": "TLSv1.3",
                "tlsCipher": "AEAD-AES128-GCM-SHA256",
                "tlsClientRandom": "/ZKvL61PlwJ09pPa+exsXN6iXeLe+a8w8sixcVht/vI=",
                "tlsClientCiphersSha1": "3HTt3+R/6BL3zeALJDSq0pR1yOQ=",
                "tlsClientExtensionsSha1": "9zVjA2DM337ObNzBBTnvQ3cknFQ=",
                "tlsClientExtensionsSha1Le": "qn+4qNDc8EgNXJHJu/1Kxu1dqFY=",
                "tlsClientHelloLength": "1755",
                "tlsClientAuth": {
                    "certPresented": "0",
                    "certVerified": "NONE",
                    "certRevoked": "0",
                    "certIssuerDN": "",
                    "certSubjectDN": "",
                    "certIssuerDNRFC2253": "",
                    "certSubjectDNRFC2253": "",
                    "certIssuerDNLegacy": "",
                    "certSubjectDNLegacy": "",
                    "certSerial": "",
                    "certIssuerSerial": "",
                    "certSKI": "",
                    "certIssuerSKI": "",
                    "certFingerprintSHA1": "",
                    "certFingerprintSHA256": "",
                    "certNotBefore": "",
                    "certNotAfter": "",
                    "certRFC9440": "",
                    "certRFC9440TooLarge": false,
                    "certChainRFC9440": "",
                    "certChainRFC9440TooLarge": false
                },
                "verifiedBotCategory": "",
                "edgeL4": {
                    "deliveryRate": 138661
                }
            }
        },
        "response": {
            "status": 204
        }
    }
}
{
    "wallTime": 0,
    "cpuTime": 0,
    "truncated": false,
    "executionModel": "stateless",
    "outcome": "ok",
    "scriptVersion": {
        "id": "f13a955f-0998-445c-9ffd-b254408327cf"
    },
    "scriptName": "smarta-api",
    "diagnosticsChannelEvents": [],
    "exceptions": [],
    "logs": [],
    "eventTimestamp": 1778424450293,
    "event": {
        "request": {
            "url": "https://smarta-api.smarta-api.workers.dev/api/cells",
            "method": "OPTIONS",
            "headers": {
                "accept": "*/*",
                "accept-encoding": "gzip, br",
                "accept-language": "he-IL,he;q=0.9,en-US;q=0.8,en;q=0.7",
                "access-control-request-headers": "authorization",
                "access-control-request-method": "GET",
                "cf-connecting-ip": "212.199.218.246",
                "cf-ipcountry": "IL",
                "cf-ray": "9f99bd4e5adc58a1",
                "cf-visitor": "{\"scheme\":\"https\"}",
                "connection": "Keep-Alive",
                "host": "smarta-api.smarta-api.workers.dev",
                "origin": "https://caplanim1967-sudo.github.io",
                "priority": "u=1, i",
                "sec-fetch-dest": "empty",
                "sec-fetch-mode": "cors",
                "sec-fetch-site": "cross-site",
                "user-agent": "Mozilla/5.0 (Windows NT 10.0; Win64; x64) AppleWebKit/537.36 (KHTML, like Gecko) Chrome/147.0.0.0 Safari/537.36",
                "x-forwarded-proto": "https",
                "x-real-ip": "212.199.218.246"
            },
            "cf": {
                "httpProtocol": "HTTP/3",
                "clientAcceptEncoding": "gzip, deflate, br",
                "requestPriority": "",
                "edgeRequestKeepAliveStatus": 1,
                "requestHeaderNames": {},
                "clientTcpRtt": 0,
                "clientQuicRtt": 16,
                "colo": "TLV",
                "asn": 12400,
                "asOrganization": "GOLDENLINES-NET-WAN",
                "country": "IL",
                "isEUCountry": false,
                "city": "Tel Aviv",
                "continent": "AS",
                "region": "Tel Aviv",
                "regionCode": "TA",
                "timezone": "Asia/Jerusalem",
                "longitude": "34.78057",
                "latitude": "32.08088",
                "tlsVersion": "TLSv1.3",
                "tlsCipher": "AEAD-AES128-GCM-SHA256",
                "tlsClientRandom": "/ZKvL61PlwJ09pPa+exsXN6iXeLe+a8w8sixcVht/vI=",
                "tlsClientCiphersSha1": "3HTt3+R/6BL3zeALJDSq0pR1yOQ=",
                "tlsClientExtensionsSha1": "9zVjA2DM337ObNzBBTnvQ3cknFQ=",
                "tlsClientExtensionsSha1Le": "qn+4qNDc8EgNXJHJu/1Kxu1dqFY=",
                "tlsClientHelloLength": "1755",
                "tlsClientAuth": {
                    "certPresented": "0",
                    "certVerified": "NONE",
                    "certRevoked": "0",
                    "certIssuerDN": "",
                    "certSubjectDN": "",
                    "certIssuerDNRFC2253": "",
                    "certSubjectDNRFC2253": "",
                    "certIssuerDNLegacy": "",
                    "certSubjectDNLegacy": "",
                    "certSerial": "",
                    "certIssuerSerial": "",
                    "certSKI": "",
                    "certIssuerSKI": "",
                    "certFingerprintSHA1": "",
                    "certFingerprintSHA256": "",
                    "certNotBefore": "",
                    "certNotAfter": "",
                    "certRFC9440": "",
                    "certRFC9440TooLarge": false,
                    "certChainRFC9440": "",
                    "certChainRFC9440TooLarge": false
                },
                "verifiedBotCategory": "",
                "edgeL4": {
                    "deliveryRate": 138661
                }
            }
        },
        "response": {
            "status": 204
        }
    }
}
{
    "wallTime": 0,
    "cpuTime": 0,
    "truncated": false,
    "executionModel": "stateless",
    "outcome": "ok",
    "scriptVersion": {
        "id": "f13a955f-0998-445c-9ffd-b254408327cf"
    },
    "scriptName": "smarta-api",
    "diagnosticsChannelEvents": [],
    "exceptions": [],
    "logs": [],
    "eventTimestamp": 1778424450294,
    "event": {
        "request": {
            "url": "https://smarta-api.smarta-api.workers.dev/api/settings/messages",
            "method": "OPTIONS",
            "headers": {
                "accept": "*/*",
                "accept-encoding": "gzip, br",
                "accept-language": "he-IL,he;q=0.9,en-US;q=0.8,en;q=0.7",
                "access-control-request-headers": "authorization",
                "access-control-request-method": "GET",
                "cf-connecting-ip": "212.199.218.246",
                "cf-ipcountry": "IL",
                "cf-ray": "9f99bd4e5add58a1",
                "cf-visitor": "{\"scheme\":\"https\"}",
                "connection": "Keep-Alive",
                "host": "smarta-api.smarta-api.workers.dev",
                "origin": "https://caplanim1967-sudo.github.io",
                "priority": "u=1, i",
                "sec-fetch-dest": "empty",
                "sec-fetch-mode": "cors",
                "sec-fetch-site": "cross-site",
                "user-agent": "Mozilla/5.0 (Windows NT 10.0; Win64; x64) AppleWebKit/537.36 (KHTML, like Gecko) Chrome/147.0.0.0 Safari/537.36",
                "x-forwarded-proto": "https",
                "x-real-ip": "212.199.218.246"
            },
            "cf": {
                "httpProtocol": "HTTP/3",
                "clientAcceptEncoding": "gzip, deflate, br",
                "requestPriority": "",
                "edgeRequestKeepAliveStatus": 1,
                "requestHeaderNames": {},
                "clientTcpRtt": 0,
                "clientQuicRtt": 16,
                "colo": "TLV",
                "asn": 12400,
                "asOrganization": "GOLDENLINES-NET-WAN",
                "country": "IL",
                "isEUCountry": false,
                "city": "Tel Aviv",
                "continent": "AS",
                "region": "Tel Aviv",
                "regionCode": "TA",
                "timezone": "Asia/Jerusalem",
                "longitude": "34.78057",
                "latitude": "32.08088",
                "tlsVersion": "TLSv1.3",
                "tlsCipher": "AEAD-AES128-GCM-SHA256",
                "tlsClientRandom": "/ZKvL61PlwJ09pPa+exsXN6iXeLe+a8w8sixcVht/vI=",
                "tlsClientCiphersSha1": "3HTt3+R/6BL3zeALJDSq0pR1yOQ=",
                "tlsClientExtensionsSha1": "9zVjA2DM337ObNzBBTnvQ3cknFQ=",
                "tlsClientExtensionsSha1Le": "qn+4qNDc8EgNXJHJu/1Kxu1dqFY=",
                "tlsClientHelloLength": "1755",
                "tlsClientAuth": {
                    "certPresented": "0",
                    "certVerified": "NONE",
                    "certRevoked": "0",
                    "certIssuerDN": "",
                    "certSubjectDN": "",
                    "certIssuerDNRFC2253": "",
                    "certSubjectDNRFC2253": "",
                    "certIssuerDNLegacy": "",
                    "certSubjectDNLegacy": "",
                    "certSerial": "",
                    "certIssuerSerial": "",
                    "certSKI": "",
                    "certIssuerSKI": "",
                    "certFingerprintSHA1": "",
                    "certFingerprintSHA256": "",
                    "certNotBefore": "",
                    "certNotAfter": "",
                    "certRFC9440": "",
                    "certRFC9440TooLarge": false,
                    "certChainRFC9440": "",
                    "certChainRFC9440TooLarge": false
                },
                "verifiedBotCategory": "",
                "edgeL4": {
                    "deliveryRate": 138661
                }
            }
        },
        "response": {
            "status": 204
        }
    }
}
{
    "wallTime": 75,
    "cpuTime": 0,
    "truncated": false,
    "executionModel": "stateless",
    "outcome": "ok",
    "scriptVersion": {
        "id": "f13a955f-0998-445c-9ffd-b254408327cf"
    },
    "scriptName": "smarta-api",
    "diagnosticsChannelEvents": [],
    "exceptions": [],
    "logs": [],
    "eventTimestamp": 1778424450309,
    "event": {
        "request": {
            "url": "https://smarta-api.smarta-api.workers.dev/api/residents",
            "method": "GET",
            "headers": {
                "accept": "*/*",
                "accept-encoding": "gzip, br",
                "accept-language": "he-IL,he;q=0.9,en-US;q=0.8,en;q=0.7",
                "authorization": "REDACTED",
                "cf-connecting-ip": "212.199.218.246",
                "cf-ipcountry": "IL",
                "cf-ray": "9f99bd4e6ae458a1",
                "cf-visitor": "{\"scheme\":\"https\"}",
                "connection": "Keep-Alive",
                "host": "smarta-api.smarta-api.workers.dev",
                "origin": "https://caplanim1967-sudo.github.io",
                "priority": "u=1, i",
                "sec-ch-ua": "\"Google Chrome\";v=\"147\", \"Not.A/Brand\";v=\"8\", \"Chromium\";v=\"147\"",
                "sec-ch-ua-mobile": "?0",
                "sec-ch-ua-platform": "\"Windows\"",
                "sec-fetch-dest": "empty",
                "sec-fetch-mode": "cors",
                "sec-fetch-site": "cross-site",
                "user-agent": "Mozilla/5.0 (Windows NT 10.0; Win64; x64) AppleWebKit/537.36 (KHTML, like Gecko) Chrome/147.0.0.0 Safari/537.36",
                "x-forwarded-proto": "https",
                "x-real-ip": "212.199.218.246"
            },
            "cf": {
                "httpProtocol": "HTTP/3",
                "clientAcceptEncoding": "gzip, deflate, br",
                "requestPriority": "",
                "edgeRequestKeepAliveStatus": 1,
                "requestHeaderNames": {},
                "clientTcpRtt": 0,
                "clientQuicRtt": 15,
                "colo": "TLV",
                "asn": 12400,
                "asOrganization": "GOLDENLINES-NET-WAN",
                "country": "IL",
                "isEUCountry": false,
                "city": "Tel Aviv",
                "continent": "AS",
                "region": "Tel Aviv",
                "regionCode": "TA",
                "timezone": "Asia/Jerusalem",
                "longitude": "34.78057",
                "latitude": "32.08088",
                "tlsVersion": "TLSv1.3",
                "tlsCipher": "AEAD-AES128-GCM-SHA256",
                "tlsClientRandom": "/ZKvL61PlwJ09pPa+exsXN6iXeLe+a8w8sixcVht/vI=",
                "tlsClientCiphersSha1": "3HTt3+R/6BL3zeALJDSq0pR1yOQ=",
                "tlsClientExtensionsSha1": "9zVjA2DM337ObNzBBTnvQ3cknFQ=",
                "tlsClientExtensionsSha1Le": "qn+4qNDc8EgNXJHJu/1Kxu1dqFY=",
                "tlsClientHelloLength": "1755",
                "tlsClientAuth": {
                    "certPresented": "0",
                    "certVerified": "NONE",
                    "certRevoked": "0",
                    "certIssuerDN": "",
                    "certSubjectDN": "",
                    "certIssuerDNRFC2253": "",
                    "certSubjectDNRFC2253": "",
                    "certIssuerDNLegacy": "",
                    "certSubjectDNLegacy": "",
                    "certSerial": "",
                    "certIssuerSerial": "",
                    "certSKI": "",
                    "certIssuerSKI": "",
                    "certFingerprintSHA1": "",
                    "certFingerprintSHA256": "",
                    "certNotBefore": "",
                    "certNotAfter": "",
                    "certRFC9440": "",
                    "certRFC9440TooLarge": false,
                    "certChainRFC9440": "",
                    "certChainRFC9440TooLarge": false
                },
                "verifiedBotCategory": "",
                "edgeL4": {
                    "deliveryRate": 166916
                }
            }
        },
        "response": {
            "status": 200
        }
    }
}
{
    "wallTime": 77,
    "cpuTime": 0,
    "truncated": false,
    "executionModel": "stateless",
    "outcome": "ok",
    "scriptVersion": {
        "id": "f13a955f-0998-445c-9ffd-b254408327cf"
    },
    "scriptName": "smarta-api",
    "diagnosticsChannelEvents": [],
    "exceptions": [],
    "logs": [],
    "eventTimestamp": 1778424450310,
    "event": {
        "request": {
            "url": "https://smarta-api.smarta-api.workers.dev/api/packages?status=waiting",
            "method": "GET",
            "headers": {
                "accept": "*/*",
                "accept-encoding": "gzip, br",
                "accept-language": "he-IL,he;q=0.9,en-US;q=0.8,en;q=0.7",
                "authorization": "REDACTED",
                "cf-connecting-ip": "212.199.218.246",
                "cf-ipcountry": "IL",
                "cf-ray": "9f99bd4e6ae758a1",
                "cf-visitor": "{\"scheme\":\"https\"}",
                "connection": "Keep-Alive",
                "host": "smarta-api.smarta-api.workers.dev",
                "origin": "https://caplanim1967-sudo.github.io",
                "priority": "u=1, i",
                "sec-ch-ua": "\"Google Chrome\";v=\"147\", \"Not.A/Brand\";v=\"8\", \"Chromium\";v=\"147\"",
                "sec-ch-ua-mobile": "?0",
                "sec-ch-ua-platform": "\"Windows\"",
                "sec-fetch-dest": "empty",
                "sec-fetch-mode": "cors",
                "sec-fetch-site": "cross-site",
                "user-agent": "Mozilla/5.0 (Windows NT 10.0; Win64; x64) AppleWebKit/537.36 (KHTML, like Gecko) Chrome/147.0.0.0 Safari/537.36",
                "x-forwarded-proto": "https",
                "x-real-ip": "212.199.218.246"
            },
            "cf": {
                "httpProtocol": "HTTP/3",
                "clientAcceptEncoding": "gzip, deflate, br",
                "requestPriority": "",
                "edgeRequestKeepAliveStatus": 1,
                "requestHeaderNames": {},
                "clientTcpRtt": 0,
                "clientQuicRtt": 15,
                "colo": "TLV",
                "asn": 12400,
                "asOrganization": "GOLDENLINES-NET-WAN",
                "country": "IL",
                "isEUCountry": false,
                "city": "Tel Aviv",
                "continent": "AS",
                "region": "Tel Aviv",
                "regionCode": "TA",
                "timezone": "Asia/Jerusalem",
                "longitude": "34.78057",
                "latitude": "32.08088",
                "tlsVersion": "TLSv1.3",
                "tlsCipher": "AEAD-AES128-GCM-SHA256",
                "tlsClientRandom": "/ZKvL61PlwJ09pPa+exsXN6iXeLe+a8w8sixcVht/vI=",
                "tlsClientCiphersSha1": "3HTt3+R/6BL3zeALJDSq0pR1yOQ=",
                "tlsClientExtensionsSha1": "9zVjA2DM337ObNzBBTnvQ3cknFQ=",
                "tlsClientExtensionsSha1Le": "qn+4qNDc8EgNXJHJu/1Kxu1dqFY=",
                "tlsClientHelloLength": "1755",
                "tlsClientAuth": {
                    "certPresented": "0",
                    "certVerified": "NONE",
                    "certRevoked": "0",
                    "certIssuerDN": "",
                    "certSubjectDN": "",
                    "certIssuerDNRFC2253": "",
                    "certSubjectDNRFC2253": "",
                    "certIssuerDNLegacy": "",
                    "certSubjectDNLegacy": "",
                    "certSerial": "",
                    "certIssuerSerial": "",
                    "certSKI": "",
                    "certIssuerSKI": "",
                    "certFingerprintSHA1": "",
                    "certFingerprintSHA256": "",
                    "certNotBefore": "",
                    "certNotAfter": "",
                    "certRFC9440": "",
                    "certRFC9440TooLarge": false,
                    "certChainRFC9440": "",
                    "certChainRFC9440TooLarge": false
                },
                "verifiedBotCategory": "",
                "edgeL4": {
                    "deliveryRate": 166916
                }
            }
        },
        "response": {
            "status": 200
        }
    }
}
{
    "wallTime": 77,
    "cpuTime": 0,
    "truncated": false,
    "executionModel": "stateless",
    "outcome": "ok",
    "scriptVersion": {
        "id": "f13a955f-0998-445c-9ffd-b254408327cf"
    },
    "scriptName": "smarta-api",
    "diagnosticsChannelEvents": [],
    "exceptions": [],
    "logs": [],
    "eventTimestamp": 1778424450310,
    "event": {
        "request": {
            "url": "https://smarta-api.smarta-api.workers.dev/api/settings/messages",
            "method": "GET",
            "headers": {
                "accept": "*/*",
                "accept-encoding": "gzip, br",
                "accept-language": "he-IL,he;q=0.9,en-US;q=0.8,en;q=0.7",
                "authorization": "REDACTED",
                "cf-connecting-ip": "212.199.218.246",
                "cf-ipcountry": "IL",
                "cf-ray": "9f99bd4e6ae658a1",
                "cf-visitor": "{\"scheme\":\"https\"}",
                "connection": "Keep-Alive",
                "host": "smarta-api.smarta-api.workers.dev",
                "origin": "https://caplanim1967-sudo.github.io",
                "priority": "u=1, i",
                "sec-ch-ua": "\"Google Chrome\";v=\"147\", \"Not.A/Brand\";v=\"8\", \"Chromium\";v=\"147\"",
                "sec-ch-ua-mobile": "?0",
                "sec-ch-ua-platform": "\"Windows\"",
                "sec-fetch-dest": "empty",
                "sec-fetch-mode": "cors",
                "sec-fetch-site": "cross-site",
                "user-agent": "Mozilla/5.0 (Windows NT 10.0; Win64; x64) AppleWebKit/537.36 (KHTML, like Gecko) Chrome/147.0.0.0 Safari/537.36",
                "x-forwarded-proto": "https",
                "x-real-ip": "212.199.218.246"
            },
            "cf": {
                "httpProtocol": "HTTP/3",
                "clientAcceptEncoding": "gzip, deflate, br",
                "requestPriority": "",
                "edgeRequestKeepAliveStatus": 1,
                "requestHeaderNames": {},
                "clientTcpRtt": 0,
                "clientQuicRtt": 15,
                "colo": "TLV",
                "asn": 12400,
                "asOrganization": "GOLDENLINES-NET-WAN",
                "country": "IL",
                "isEUCountry": false,
                "city": "Tel Aviv",
                "continent": "AS",
                "region": "Tel Aviv",
                "regionCode": "TA",
                "timezone": "Asia/Jerusalem",
                "longitude": "34.78057",
                "latitude": "32.08088",
                "tlsVersion": "TLSv1.3",
                "tlsCipher": "AEAD-AES128-GCM-SHA256",
                "tlsClientRandom": "/ZKvL61PlwJ09pPa+exsXN6iXeLe+a8w8sixcVht/vI=",
                "tlsClientCiphersSha1": "3HTt3+R/6BL3zeALJDSq0pR1yOQ=",
                "tlsClientExtensionsSha1": "9zVjA2DM337ObNzBBTnvQ3cknFQ=",
                "tlsClientExtensionsSha1Le": "qn+4qNDc8EgNXJHJu/1Kxu1dqFY=",
                "tlsClientHelloLength": "1755",
                "tlsClientAuth": {
                    "certPresented": "0",
                    "certVerified": "NONE",
                    "certRevoked": "0",
                    "certIssuerDN": "",
                    "certSubjectDN": "",
                    "certIssuerDNRFC2253": "",
                    "certSubjectDNRFC2253": "",
                    "certIssuerDNLegacy": "",
                    "certSubjectDNLegacy": "",
                    "certSerial": "",
                    "certIssuerSerial": "",
                    "certSKI": "",
                    "certIssuerSKI": "",
                    "certFingerprintSHA1": "",
                    "certFingerprintSHA256": "",
                    "certNotBefore": "",
                    "certNotAfter": "",
                    "certRFC9440": "",
                    "certRFC9440TooLarge": false,
                    "certChainRFC9440": "",
                    "certChainRFC9440TooLarge": false
                },
                "verifiedBotCategory": "",
                "edgeL4": {
                    "deliveryRate": 166916
                }
            }
        },
        "response": {
            "status": 200
        }
    }
}
{
    "wallTime": 270,
    "cpuTime": 1,
    "truncated": false,
    "executionModel": "stateless",
    "outcome": "ok",
    "scriptVersion": {
        "id": "f13a955f-0998-445c-9ffd-b254408327cf"
    },
    "scriptName": "smarta-api",
    "diagnosticsChannelEvents": [],
    "exceptions": [],
    "logs": [],
    "eventTimestamp": 1778424450309,
    "event": {
        "request": {
            "url": "https://smarta-api.smarta-api.workers.dev/api/cells",
            "method": "GET",
            "headers": {
                "accept": "*/*",
                "accept-encoding": "gzip, br",
                "accept-language": "he-IL,he;q=0.9,en-US;q=0.8,en;q=0.7",
                "authorization": "REDACTED",
                "cf-connecting-ip": "212.199.218.246",
                "cf-ipcountry": "IL",
                "cf-ray": "9f99bd4e6ae558a1",
                "cf-visitor": "{\"scheme\":\"https\"}",
                "connection": "Keep-Alive",
                "host": "smarta-api.smarta-api.workers.dev",
                "origin": "https://caplanim1967-sudo.github.io",
                "priority": "u=1, i",
                "sec-ch-ua": "\"Google Chrome\";v=\"147\", \"Not.A/Brand\";v=\"8\", \"Chromium\";v=\"147\"",
                "sec-ch-ua-mobile": "?0",
                "sec-ch-ua-platform": "\"Windows\"",
                "sec-fetch-dest": "empty",
                "sec-fetch-mode": "cors",
                "sec-fetch-site": "cross-site",
                "user-agent": "Mozilla/5.0 (Windows NT 10.0; Win64; x64) AppleWebKit/537.36 (KHTML, like Gecko) Chrome/147.0.0.0 Safari/537.36",
                "x-forwarded-proto": "https",
                "x-real-ip": "212.199.218.246"
            },
            "cf": {
                "httpProtocol": "HTTP/3",
                "clientAcceptEncoding": "gzip, deflate, br",
                "requestPriority": "",
                "edgeRequestKeepAliveStatus": 1,
                "requestHeaderNames": {},
                "clientTcpRtt": 0,
                "clientQuicRtt": 15,
                "colo": "TLV",
                "asn": 12400,
                "asOrganization": "GOLDENLINES-NET-WAN",
                "country": "IL",
                "isEUCountry": false,
                "city": "Tel Aviv",
                "continent": "AS",
                "region": "Tel Aviv",
                "regionCode": "TA",
                "timezone": "Asia/Jerusalem",
                "longitude": "34.78057",
                "latitude": "32.08088",
                "tlsVersion": "TLSv1.3",
                "tlsCipher": "AEAD-AES128-GCM-SHA256",
                "tlsClientRandom": "/ZKvL61PlwJ09pPa+exsXN6iXeLe+a8w8sixcVht/vI=",
                "tlsClientCiphersSha1": "3HTt3+R/6BL3zeALJDSq0pR1yOQ=",
                "tlsClientExtensionsSha1": "9zVjA2DM337ObNzBBTnvQ3cknFQ=",
                "tlsClientExtensionsSha1Le": "qn+4qNDc8EgNXJHJu/1Kxu1dqFY=",
                "tlsClientHelloLength": "1755",
                "tlsClientAuth": {
                    "certPresented": "0",
                    "certVerified": "NONE",
                    "certRevoked": "0",
                    "certIssuerDN": "",
                    "certSubjectDN": "",
                    "certIssuerDNRFC2253": "",
                    "certSubjectDNRFC2253": "",
                    "certIssuerDNLegacy": "",
                    "certSubjectDNLegacy": "",
                    "certSerial": "",
                    "certIssuerSerial": "",
                    "certSKI": "",
                    "certIssuerSKI": "",
                    "certFingerprintSHA1": "",
                    "certFingerprintSHA256": "",
                    "certNotBefore": "",
                    "certNotAfter": "",
                    "certRFC9440": "",
                    "certRFC9440TooLarge": false,
                    "certChainRFC9440": "",
                    "certChainRFC9440TooLarge": false
                },
                "verifiedBotCategory": "",
                "edgeL4": {
                    "deliveryRate": 166916
                }
            }
        },
        "response": {
            "status": 200
        }
    }
}
{
    "wallTime": 0,
    "cpuTime": 0,
    "truncated": false,
    "executionModel": "stateless",
    "outcome": "ok",
    "scriptVersion": {
        "id": "f13a955f-0998-445c-9ffd-b254408327cf"
    },
    "scriptName": "smarta-api",
    "diagnosticsChannelEvents": [],
    "exceptions": [],
    "logs": [],
    "eventTimestamp": 1778424818375,
    "event": {
        "request": {
            "url": "https://smarta-api.smarta-api.workers.dev/api/packages/REDACTED/collect",
            "method": "OPTIONS",
            "headers": {
                "accept": "*/*",
                "accept-encoding": "gzip, br",
                "accept-language": "he-IL,he;q=0.9,en-US;q=0.8,en;q=0.7",
                "access-control-request-headers": "authorization,content-type",
                "access-control-request-method": "POST",
                "cf-connecting-ip": "212.199.218.246",
                "cf-ipcountry": "IL",
                "cf-ray": "9f99c64addd8e301",
                "cf-visitor": "{\"scheme\":\"https\"}",
                "connection": "Keep-Alive",
                "host": "smarta-api.smarta-api.workers.dev",
                "origin": "https://caplanim1967-sudo.github.io",
                "priority": "u=1, i",
                "sec-fetch-dest": "empty",
                "sec-fetch-mode": "cors",
                "sec-fetch-site": "cross-site",
                "user-agent": "Mozilla/5.0 (Windows NT 10.0; Win64; x64) AppleWebKit/537.36 (KHTML, like Gecko) Chrome/147.0.0.0 Safari/537.36",
                "x-forwarded-proto": "https",
                "x-real-ip": "212.199.218.246"
            },
            "cf": {
                "httpProtocol": "HTTP/3",
                "clientAcceptEncoding": "gzip, deflate, br",
                "requestPriority": "",
                "edgeRequestKeepAliveStatus": 1,
                "requestHeaderNames": {},
                "clientTcpRtt": 0,
                "clientQuicRtt": 23,
                "colo": "TLV",
                "asn": 12400,
                "asOrganization": "GOLDENLINES-NET-WAN",
                "country": "IL",
                "isEUCountry": false,
                "city": "Tel Aviv",
                "continent": "AS",
                "region": "Tel Aviv",
                "regionCode": "TA",
                "timezone": "Asia/Jerusalem",
                "longitude": "34.78057",
                "latitude": "32.08088",
                "tlsVersion": "TLSv1.3",
                "tlsCipher": "AEAD-AES128-GCM-SHA256",
                "tlsClientRandom": "4bTwlXqsCJh28ZWiJBR3SwPIyqCDMNvQM1TvnKdSxOs=",
                "tlsClientCiphersSha1": "3HTt3+R/6BL3zeALJDSq0pR1yOQ=",
                "tlsClientExtensionsSha1": "rD5y3JbUDxJ8EXp7Si/FpCvWq9Y=",
                "tlsClientExtensionsSha1Le": "A3l+uAINvzy5XZB6E1ra2yrH5V4=",
                "tlsClientHelloLength": "1745",
                "tlsClientAuth": {
                    "certPresented": "0",
                    "certVerified": "NONE",
                    "certRevoked": "0",
                    "certIssuerDN": "",
                    "certSubjectDN": "",
                    "certIssuerDNRFC2253": "",
                    "certSubjectDNRFC2253": "",
                    "certIssuerDNLegacy": "",
                    "certSubjectDNLegacy": "",
                    "certSerial": "",
                    "certIssuerSerial": "",
                    "certSKI": "",
                    "certIssuerSKI": "",
                    "certFingerprintSHA1": "",
                    "certFingerprintSHA256": "",
                    "certNotBefore": "",
                    "certNotAfter": "",
                    "certRFC9440": "",
                    "certRFC9440TooLarge": false,
                    "certChainRFC9440": "",
                    "certChainRFC9440TooLarge": false
                },
                "verifiedBotCategory": "",
                "edgeL4": {
                    "deliveryRate": 57892
                }
            }
        },
        "response": {
            "status": 204
        }
    }
}
{
    "wallTime": 542,
    "cpuTime": 0,
    "truncated": false,
    "executionModel": "stateless",
    "outcome": "ok",
    "scriptVersion": {
        "id": "f13a955f-0998-445c-9ffd-b254408327cf"
    },
    "scriptName": "smarta-api",
    "diagnosticsChannelEvents": [],
    "exceptions": [],
    "logs": [],
    "eventTimestamp": 1778424818399,
    "event": {
        "request": {
            "url": "https://smarta-api.smarta-api.workers.dev/api/packages/REDACTED/collect",
            "method": "POST",
            "headers": {
                "accept": "*/*",
                "accept-encoding": "gzip, br",
                "accept-language": "he-IL,he;q=0.9,en-US;q=0.8,en;q=0.7",
                "authorization": "REDACTED",
                "cf-connecting-ip": "212.199.218.246",
                "cf-ipcountry": "IL",
                "cf-ray": "9f99c64afde0e301",
                "cf-visitor": "{\"scheme\":\"https\"}",
                "connection": "Keep-Alive",
                "content-length": "2",
                "content-type": "application/json",
                "host": "smarta-api.smarta-api.workers.dev",
                "origin": "https://caplanim1967-sudo.github.io",
                "priority": "u=1, i",
                "sec-ch-ua": "\"Google Chrome\";v=\"147\", \"Not.A/Brand\";v=\"8\", \"Chromium\";v=\"147\"",
                "sec-ch-ua-mobile": "?0",
                "sec-ch-ua-platform": "\"Windows\"",
                "sec-fetch-dest": "empty",
                "sec-fetch-mode": "cors",
                "sec-fetch-site": "cross-site",
                "user-agent": "Mozilla/5.0 (Windows NT 10.0; Win64; x64) AppleWebKit/537.36 (KHTML, like Gecko) Chrome/147.0.0.0 Safari/537.36",
                "x-forwarded-proto": "https",
                "x-real-ip": "212.199.218.246"
            },
            "cf": {
                "httpProtocol": "HTTP/3",
                "clientAcceptEncoding": "gzip, deflate, br",
                "requestPriority": "",
                "edgeRequestKeepAliveStatus": 1,
                "requestHeaderNames": {},
                "clientTcpRtt": 0,
                "clientQuicRtt": 19,
                "colo": "TLV",
                "asn": 12400,
                "asOrganization": "GOLDENLINES-NET-WAN",
                "country": "IL",
                "isEUCountry": false,
                "city": "Tel Aviv",
                "continent": "AS",
                "region": "Tel Aviv",
                "regionCode": "TA",
                "timezone": "Asia/Jerusalem",
                "longitude": "34.78057",
                "latitude": "32.08088",
                "tlsVersion": "TLSv1.3",
                "tlsCipher": "AEAD-AES128-GCM-SHA256",
                "tlsClientRandom": "4bTwlXqsCJh28ZWiJBR3SwPIyqCDMNvQM1TvnKdSxOs=",
                "tlsClientCiphersSha1": "3HTt3+R/6BL3zeALJDSq0pR1yOQ=",
                "tlsClientExtensionsSha1": "rD5y3JbUDxJ8EXp7Si/FpCvWq9Y=",
                "tlsClientExtensionsSha1Le": "A3l+uAINvzy5XZB6E1ra2yrH5V4=",
                "tlsClientHelloLength": "1745",
                "tlsClientAuth": {
                    "certPresented": "0",
                    "certVerified": "NONE",
                    "certRevoked": "0",
                    "certIssuerDN": "",
                    "certSubjectDN": "",
                    "certIssuerDNRFC2253": "",
                    "certSubjectDNRFC2253": "",
                    "certIssuerDNLegacy": "",
                    "certSubjectDNLegacy": "",
                    "certSerial": "",
                    "certIssuerSerial": "",
                    "certSKI": "",
                    "certIssuerSKI": "",
                    "certFingerprintSHA1": "",
                    "certFingerprintSHA256": "",
                    "certNotBefore": "",
                    "certNotAfter": "",
                    "certRFC9440": "",
                    "certRFC9440TooLarge": false,
                    "certChainRFC9440": "",
                    "certChainRFC9440TooLarge": false
                },
                "verifiedBotCategory": "",
                "edgeL4": {
                    "deliveryRate": 57892
                }
            }
        },
        "response": {
            "status": 200
        }
    }
}
{
    "wallTime": 0,
    "cpuTime": 0,
    "truncated": false,
    "executionModel": "stateless",
    "outcome": "ok",
    "scriptVersion": {
        "id": "f13a955f-0998-445c-9ffd-b254408327cf"
    },
    "scriptName": "smarta-api",
    "diagnosticsChannelEvents": [],
    "exceptions": [],
    "logs": [],
    "eventTimestamp": 1778424822625,
    "event": {
        "request": {
            "url": "https://smarta-api.smarta-api.workers.dev/api/packages/REDACTED/collect",
            "method": "OPTIONS",
            "headers": {
                "accept": "*/*",
                "accept-encoding": "gzip, br",
                "accept-language": "he-IL,he;q=0.9,en-US;q=0.8,en;q=0.7",
                "access-control-request-headers": "authorization,content-type",
                "access-control-request-method": "POST",
                "cf-connecting-ip": "212.199.218.246",
                "cf-ipcountry": "IL",
                "cf-ray": "9f99c665692fe301",
                "cf-visitor": "{\"scheme\":\"https\"}",
                "connection": "Keep-Alive",
                "host": "smarta-api.smarta-api.workers.dev",
                "origin": "https://caplanim1967-sudo.github.io",
                "priority": "u=1, i",
                "sec-fetch-dest": "empty",
                "sec-fetch-mode": "cors",
                "sec-fetch-site": "cross-site",
                "user-agent": "Mozilla/5.0 (Windows NT 10.0; Win64; x64) AppleWebKit/537.36 (KHTML, like Gecko) Chrome/147.0.0.0 Safari/537.36",
                "x-forwarded-proto": "https",
                "x-real-ip": "212.199.218.246"
            },
            "cf": {
                "httpProtocol": "HTTP/3",
                "clientAcceptEncoding": "gzip, deflate, br",
                "requestPriority": "",
                "edgeRequestKeepAliveStatus": 1,
                "requestHeaderNames": {},
                "clientTcpRtt": 0,
                "clientQuicRtt": 18,
                "colo": "TLV",
                "asn": 12400,
                "asOrganization": "GOLDENLINES-NET-WAN",
                "country": "IL",
                "isEUCountry": false,
                "city": "Tel Aviv",
                "continent": "AS",
                "region": "Tel Aviv",
                "regionCode": "TA",
                "timezone": "Asia/Jerusalem",
                "longitude": "34.78057",
                "latitude": "32.08088",
                "tlsVersion": "TLSv1.3",
                "tlsCipher": "AEAD-AES128-GCM-SHA256",
                "tlsClientRandom": "4bTwlXqsCJh28ZWiJBR3SwPIyqCDMNvQM1TvnKdSxOs=",
                "tlsClientCiphersSha1": "3HTt3+R/6BL3zeALJDSq0pR1yOQ=",
                "tlsClientExtensionsSha1": "rD5y3JbUDxJ8EXp7Si/FpCvWq9Y=",
                "tlsClientExtensionsSha1Le": "A3l+uAINvzy5XZB6E1ra2yrH5V4=",
                "tlsClientHelloLength": "1745",
                "tlsClientAuth": {
                    "certPresented": "0",
                    "certVerified": "NONE",
                    "certRevoked": "0",
                    "certIssuerDN": "",
                    "certSubjectDN": "",
                    "certIssuerDNRFC2253": "",
                    "certSubjectDNRFC2253": "",
                    "certIssuerDNLegacy": "",
                    "certSubjectDNLegacy": "",
                    "certSerial": "",
                    "certIssuerSerial": "",
                    "certSKI": "",
                    "certIssuerSKI": "",
                    "certFingerprintSHA1": "",
                    "certFingerprintSHA256": "",
                    "certNotBefore": "",
                    "certNotAfter": "",
                    "certRFC9440": "",
                    "certRFC9440TooLarge": false,
                    "certChainRFC9440": "",
                    "certChainRFC9440TooLarge": false
                },
                "verifiedBotCategory": "",
                "edgeL4": {
                    "deliveryRate": 57892
                }
            }
        },
        "response": {
            "status": 204
        }
    }
}
{
    "wallTime": 75,
    "cpuTime": 1,
    "truncated": false,
    "executionModel": "stateless",
    "outcome": "ok",
    "scriptVersion": {
        "id": "f13a955f-0998-445c-9ffd-b254408327cf"
    },
    "scriptName": "smarta-api",
    "diagnosticsChannelEvents": [],
    "exceptions": [],
    "logs": [],
    "eventTimestamp": 1778424822649,
    "event": {
        "request": {
            "url": "https://smarta-api.smarta-api.workers.dev/api/packages/REDACTED/collect",
            "method": "POST",
            "headers": {
                "accept": "*/*",
                "accept-encoding": "gzip, br",
                "accept-language": "he-IL,he;q=0.9,en-US;q=0.8,en;q=0.7",
                "authorization": "REDACTED",
                "cf-connecting-ip": "212.199.218.246",
                "cf-ipcountry": "IL",
                "cf-ray": "9f99c6658941e301",
                "cf-visitor": "{\"scheme\":\"https\"}",
                "connection": "Keep-Alive",
                "content-length": "2",
                "content-type": "application/json",
                "host": "smarta-api.smarta-api.workers.dev",
                "origin": "https://caplanim1967-sudo.github.io",
                "priority": "u=1, i",
                "sec-ch-ua": "\"Google Chrome\";v=\"147\", \"Not.A/Brand\";v=\"8\", \"Chromium\";v=\"147\"",
                "sec-ch-ua-mobile": "?0",
                "sec-ch-ua-platform": "\"Windows\"",
                "sec-fetch-dest": "empty",
                "sec-fetch-mode": "cors",
                "sec-fetch-site": "cross-site",
                "user-agent": "Mozilla/5.0 (Windows NT 10.0; Win64; x64) AppleWebKit/537.36 (KHTML, like Gecko) Chrome/147.0.0.0 Safari/537.36",
                "x-forwarded-proto": "https",
                "x-real-ip": "212.199.218.246"
            },
            "cf": {
                "httpProtocol": "HTTP/3",
                "clientAcceptEncoding": "gzip, deflate, br",
                "requestPriority": "",
                "edgeRequestKeepAliveStatus": 1,
                "requestHeaderNames": {},
                "clientTcpRtt": 0,
                "clientQuicRtt": 18,
                "colo": "TLV",
                "asn": 12400,
                "asOrganization": "GOLDENLINES-NET-WAN",
                "country": "IL",
                "isEUCountry": false,
                "city": "Tel Aviv",
                "continent": "AS",
                "region": "Tel Aviv",
                "regionCode": "TA",
                "timezone": "Asia/Jerusalem",
                "longitude": "34.78057",
                "latitude": "32.08088",
                "tlsVersion": "TLSv1.3",
                "tlsCipher": "AEAD-AES128-GCM-SHA256",
                "tlsClientRandom": "4bTwlXqsCJh28ZWiJBR3SwPIyqCDMNvQM1TvnKdSxOs=",
                "tlsClientCiphersSha1": "3HTt3+R/6BL3zeALJDSq0pR1yOQ=",
                "tlsClientExtensionsSha1": "rD5y3JbUDxJ8EXp7Si/FpCvWq9Y=",
                "tlsClientExtensionsSha1Le": "A3l+uAINvzy5XZB6E1ra2yrH5V4=",
                "tlsClientHelloLength": "1745",
                "tlsClientAuth": {
                    "certPresented": "0",
                    "certVerified": "NONE",
                    "certRevoked": "0",
                    "certIssuerDN": "",
                    "certSubjectDN": "",
                    "certIssuerDNRFC2253": "",
                    "certSubjectDNRFC2253": "",
                    "certIssuerDNLegacy": "",
                    "certSubjectDNLegacy": "",
                    "certSerial": "",
                    "certIssuerSerial": "",
                    "certSKI": "",
                    "certIssuerSKI": "",
                    "certFingerprintSHA1": "",
                    "certFingerprintSHA256": "",
                    "certNotBefore": "",
                    "certNotAfter": "",
                    "certRFC9440": "",
                    "certRFC9440TooLarge": false,
                    "certChainRFC9440": "",
                    "certChainRFC9440TooLarge": false
                },
                "verifiedBotCategory": "",
                "edgeL4": {
                    "deliveryRate": 57892
                }
            }
        },
        "response": {
            "status": 200
        }
    }
}
{
    "wallTime": 0,
    "cpuTime": 0,
    "truncated": false,
    "executionModel": "stateless",
    "outcome": "ok",
    "scriptVersion": {
        "id": "f13a955f-0998-445c-9ffd-b254408327cf"
    },
    "scriptName": "smarta-api",
    "diagnosticsChannelEvents": [],
    "exceptions": [],
    "logs": [],
    "eventTimestamp": 1778424824767,
    "event": {
        "request": {
            "url": "https://smarta-api.smarta-api.workers.dev/api/packages/REDACTED/collect",
            "method": "OPTIONS",
            "headers": {
                "accept": "*/*",
                "accept-encoding": "gzip, br",
                "accept-language": "he-IL,he;q=0.9,en-US;q=0.8,en;q=0.7",
                "access-control-request-headers": "authorization,content-type",
                "access-control-request-method": "POST",
                "cf-connecting-ip": "212.199.218.246",
                "cf-ipcountry": "IL",
                "cf-ray": "9f99c672ca9ce301",
                "cf-visitor": "{\"scheme\":\"https\"}",
                "connection": "Keep-Alive",
                "host": "smarta-api.smarta-api.workers.dev",
                "origin": "https://caplanim1967-sudo.github.io",
                "priority": "u=1, i",
                "sec-fetch-dest": "empty",
                "sec-fetch-mode": "cors",
                "sec-fetch-site": "cross-site",
                "user-agent": "Mozilla/5.0 (Windows NT 10.0; Win64; x64) AppleWebKit/537.36 (KHTML, like Gecko) Chrome/147.0.0.0 Safari/537.36",
                "x-forwarded-proto": "https",
                "x-real-ip": "212.199.218.246"
            },
            "cf": {
                "httpProtocol": "HTTP/3",
                "clientAcceptEncoding": "gzip, deflate, br",
                "requestPriority": "",
                "edgeRequestKeepAliveStatus": 1,
                "requestHeaderNames": {},
                "clientTcpRtt": 0,
                "clientQuicRtt": 17,
                "colo": "TLV",
                "asn": 12400,
                "asOrganization": "GOLDENLINES-NET-WAN",
                "country": "IL",
                "isEUCountry": false,
                "city": "Tel Aviv",
                "continent": "AS",
                "region": "Tel Aviv",
                "regionCode": "TA",
                "timezone": "Asia/Jerusalem",
                "longitude": "34.78057",
                "latitude": "32.08088",
                "tlsVersion": "TLSv1.3",
                "tlsCipher": "AEAD-AES128-GCM-SHA256",
                "tlsClientRandom": "4bTwlXqsCJh28ZWiJBR3SwPIyqCDMNvQM1TvnKdSxOs=",
                "tlsClientCiphersSha1": "3HTt3+R/6BL3zeALJDSq0pR1yOQ=",
                "tlsClientExtensionsSha1": "rD5y3JbUDxJ8EXp7Si/FpCvWq9Y=",
                "tlsClientExtensionsSha1Le": "A3l+uAINvzy5XZB6E1ra2yrH5V4=",
                "tlsClientHelloLength": "1745",
                "tlsClientAuth": {
                    "certPresented": "0",
                    "certVerified": "NONE",
                    "certRevoked": "0",
                    "certIssuerDN": "",
                    "certSubjectDN": "",
                    "certIssuerDNRFC2253": "",
                    "certSubjectDNRFC2253": "",
                    "certIssuerDNLegacy": "",
                    "certSubjectDNLegacy": "",
                    "certSerial": "",
                    "certIssuerSerial": "",
                    "certSKI": "",
                    "certIssuerSKI": "",
                    "certFingerprintSHA1": "",
                    "certFingerprintSHA256": "",
                    "certNotBefore": "",
                    "certNotAfter": "",
                    "certRFC9440": "",
                    "certRFC9440TooLarge": false,
                    "certChainRFC9440": "",
                    "certChainRFC9440TooLarge": false
                },
                "verifiedBotCategory": "",
                "edgeL4": {
                    "deliveryRate": 57892
                }
            }
        },
        "response": {
            "status": 204
        }
    }
}
{
    "wallTime": 76,
    "cpuTime": 0,
    "truncated": false,
    "executionModel": "stateless",
    "outcome": "ok",
    "scriptVersion": {
        "id": "f13a955f-0998-445c-9ffd-b254408327cf"
    },
    "scriptName": "smarta-api",
    "diagnosticsChannelEvents": [],
    "exceptions": [],
    "logs": [],
    "eventTimestamp": 1778424824813,
    "event": {
        "request": {
            "url": "https://smarta-api.smarta-api.workers.dev/api/packages/REDACTED/collect",
            "method": "POST",
            "headers": {
                "accept": "*/*",
                "accept-encoding": "gzip, br",
                "accept-language": "he-IL,he;q=0.9,en-US;q=0.8,en;q=0.7",
                "authorization": "REDACTED",
                "cf-connecting-ip": "212.199.218.246",
                "cf-ipcountry": "IL",
                "cf-ray": "9f99c6731aa2e301",
                "cf-visitor": "{\"scheme\":\"https\"}",
                "connection": "Keep-Alive",
                "content-length": "2",
                "content-type": "application/json",
                "host": "smarta-api.smarta-api.workers.dev",
                "origin": "https://caplanim1967-sudo.github.io",
                "priority": "u=1, i",
                "sec-ch-ua": "\"Google Chrome\";v=\"147\", \"Not.A/Brand\";v=\"8\", \"Chromium\";v=\"147\"",
                "sec-ch-ua-mobile": "?0",
                "sec-ch-ua-platform": "\"Windows\"",
                "sec-fetch-dest": "empty",
                "sec-fetch-mode": "cors",
                "sec-fetch-site": "cross-site",
                "user-agent": "Mozilla/5.0 (Windows NT 10.0; Win64; x64) AppleWebKit/537.36 (KHTML, like Gecko) Chrome/147.0.0.0 Safari/537.36",
                "x-forwarded-proto": "https",
                "x-real-ip": "212.199.218.246"
            },
            "cf": {
                "httpProtocol": "HTTP/3",
                "clientAcceptEncoding": "gzip, deflate, br",
                "requestPriority": "",
                "edgeRequestKeepAliveStatus": 1,
                "requestHeaderNames": {},
                "clientTcpRtt": 0,
                "clientQuicRtt": 20,
                "colo": "TLV",
                "asn": 12400,
                "asOrganization": "GOLDENLINES-NET-WAN",
                "country": "IL",
                "isEUCountry": false,
                "city": "Tel Aviv",
                "continent": "AS",
                "region": "Tel Aviv",
                "regionCode": "TA",
                "timezone": "Asia/Jerusalem",
                "longitude": "34.78057",
                "latitude": "32.08088",
                "tlsVersion": "TLSv1.3",
                "tlsCipher": "AEAD-AES128-GCM-SHA256",
                "tlsClientRandom": "4bTwlXqsCJh28ZWiJBR3SwPIyqCDMNvQM1TvnKdSxOs=",
                "tlsClientCiphersSha1": "3HTt3+R/6BL3zeALJDSq0pR1yOQ=",
                "tlsClientExtensionsSha1": "rD5y3JbUDxJ8EXp7Si/FpCvWq9Y=",
                "tlsClientExtensionsSha1Le": "A3l+uAINvzy5XZB6E1ra2yrH5V4=",
                "tlsClientHelloLength": "1745",
                "tlsClientAuth": {
                    "certPresented": "0",
                    "certVerified": "NONE",
                    "certRevoked": "0",
                    "certIssuerDN": "",
                    "certSubjectDN": "",
                    "certIssuerDNRFC2253": "",
                    "certSubjectDNRFC2253": "",
                    "certIssuerDNLegacy": "",
                    "certSubjectDNLegacy": "",
                    "certSerial": "",
                    "certIssuerSerial": "",
                    "certSKI": "",
                    "certIssuerSKI": "",
                    "certFingerprintSHA1": "",
                    "certFingerprintSHA256": "",
                    "certNotBefore": "",
                    "certNotAfter": "",
                    "certRFC9440": "",
                    "certRFC9440TooLarge": false,
                    "certChainRFC9440": "",
                    "certChainRFC9440TooLarge": false
                },
                "verifiedBotCategory": "",
                "edgeL4": {
                    "deliveryRate": 57892
                }
            }
        },
        "response": {
            "status": 200
        }
    }
}
{
    "wallTime": 0,
    "cpuTime": 0,
    "truncated": false,
    "executionModel": "stateless",
    "outcome": "ok",
    "scriptVersion": {
        "id": "f13a955f-0998-445c-9ffd-b254408327cf"
    },
    "scriptName": "smarta-api",
    "diagnosticsChannelEvents": [],
    "exceptions": [],
    "logs": [],
    "eventTimestamp": 1778424826664,
    "event": {
        "request": {
            "url": "https://smarta-api.smarta-api.workers.dev/api/packages/REDACTED/collect",
            "method": "OPTIONS",
            "headers": {
                "accept": "*/*",
                "accept-encoding": "gzip, br",
                "accept-language": "he-IL,he;q=0.9,en-US;q=0.8,en;q=0.7",
                "access-control-request-headers": "authorization,content-type",
                "access-control-request-method": "POST",
                "cf-connecting-ip": "212.199.218.246",
                "cf-ipcountry": "IL",
                "cf-ray": "9f99c67eabe8e301",
                "cf-visitor": "{\"scheme\":\"https\"}",
                "connection": "Keep-Alive",
                "host": "smarta-api.smarta-api.workers.dev",
                "origin": "https://caplanim1967-sudo.github.io",
                "priority": "u=1, i",
                "sec-fetch-dest": "empty",
                "sec-fetch-mode": "cors",
                "sec-fetch-site": "cross-site",
                "user-agent": "Mozilla/5.0 (Windows NT 10.0; Win64; x64) AppleWebKit/537.36 (KHTML, like Gecko) Chrome/147.0.0.0 Safari/537.36",
                "x-forwarded-proto": "https",
                "x-real-ip": "212.199.218.246"
            },
            "cf": {
                "httpProtocol": "HTTP/3",
                "clientAcceptEncoding": "gzip, deflate, br",
                "requestPriority": "",
                "edgeRequestKeepAliveStatus": 1,
                "requestHeaderNames": {},
                "clientTcpRtt": 0,
                "clientQuicRtt": 20,
                "colo": "TLV",
                "asn": 12400,
                "asOrganization": "GOLDENLINES-NET-WAN",
                "country": "IL",
                "isEUCountry": false,
                "city": "Tel Aviv",
                "continent": "AS",
                "region": "Tel Aviv",
                "regionCode": "TA",
                "timezone": "Asia/Jerusalem",
                "longitude": "34.78057",
                "latitude": "32.08088",
                "tlsVersion": "TLSv1.3",
                "tlsCipher": "AEAD-AES128-GCM-SHA256",
                "tlsClientRandom": "4bTwlXqsCJh28ZWiJBR3SwPIyqCDMNvQM1TvnKdSxOs=",
                "tlsClientCiphersSha1": "3HTt3+R/6BL3zeALJDSq0pR1yOQ=",
                "tlsClientExtensionsSha1": "rD5y3JbUDxJ8EXp7Si/FpCvWq9Y=",
                "tlsClientExtensionsSha1Le": "A3l+uAINvzy5XZB6E1ra2yrH5V4=",
                "tlsClientHelloLength": "1745",
                "tlsClientAuth": {
                    "certPresented": "0",
                    "certVerified": "NONE",
                    "certRevoked": "0",
                    "certIssuerDN": "",
                    "certSubjectDN": "",
                    "certIssuerDNRFC2253": "",
                    "certSubjectDNRFC2253": "",
                    "certIssuerDNLegacy": "",
                    "certSubjectDNLegacy": "",
                    "certSerial": "",
                    "certIssuerSerial": "",
                    "certSKI": "",
                    "certIssuerSKI": "",
                    "certFingerprintSHA1": "",
                    "certFingerprintSHA256": "",
                    "certNotBefore": "",
                    "certNotAfter": "",
                    "certRFC9440": "",
                    "certRFC9440TooLarge": false,
                    "certChainRFC9440": "",
                    "certChainRFC9440TooLarge": false
                },
                "verifiedBotCategory": "",
                "edgeL4": {
                    "deliveryRate": 57892
                }
            }
        },
        "response": {
            "status": 204
        }
    }
}
{
    "wallTime": 77,
    "cpuTime": 0,
    "truncated": false,
    "executionModel": "stateless",
    "outcome": "ok",
    "scriptVersion": {
        "id": "f13a955f-0998-445c-9ffd-b254408327cf"
    },
    "scriptName": "smarta-api",
    "diagnosticsChannelEvents": [],
    "exceptions": [],
    "logs": [],
    "eventTimestamp": 1778424826690,
    "event": {
        "request": {
            "url": "https://smarta-api.smarta-api.workers.dev/api/packages/REDACTED/collect",
            "method": "POST",
            "headers": {
                "accept": "*/*",
                "accept-encoding": "gzip, br",
                "accept-language": "he-IL,he;q=0.9,en-US;q=0.8,en;q=0.7",
                "authorization": "REDACTED",
                "cf-connecting-ip": "212.199.218.246",
                "cf-ipcountry": "IL",
                "cf-ray": "9f99c67ecbebe301",
                "cf-visitor": "{\"scheme\":\"https\"}",
                "connection": "Keep-Alive",
                "content-length": "2",
                "content-type": "application/json",
                "host": "smarta-api.smarta-api.workers.dev",
                "origin": "https://caplanim1967-sudo.github.io",
                "priority": "u=1, i",
                "sec-ch-ua": "\"Google Chrome\";v=\"147\", \"Not.A/Brand\";v=\"8\", \"Chromium\";v=\"147\"",
                "sec-ch-ua-mobile": "?0",
                "sec-ch-ua-platform": "\"Windows\"",
                "sec-fetch-dest": "empty",
                "sec-fetch-mode": "cors",
                "sec-fetch-site": "cross-site",
                "user-agent": "Mozilla/5.0 (Windows NT 10.0; Win64; x64) AppleWebKit/537.36 (KHTML, like Gecko) Chrome/147.0.0.0 Safari/537.36",
                "x-forwarded-proto": "https",
                "x-real-ip": "212.199.218.246"
            },
            "cf": {
                "httpProtocol": "HTTP/3",
                "clientAcceptEncoding": "gzip, deflate, br",
                "requestPriority": "",
                "edgeRequestKeepAliveStatus": 1,
                "requestHeaderNames": {},
                "clientTcpRtt": 0,
                "clientQuicRtt": 19,
                "colo": "TLV",
                "asn": 12400,
                "asOrganization": "GOLDENLINES-NET-WAN",
                "country": "IL",
                "isEUCountry": false,
                "city": "Tel Aviv",
                "continent": "AS",
                "region": "Tel Aviv",
                "regionCode": "TA",
                "timezone": "Asia/Jerusalem",
                "longitude": "34.78057",
                "latitude": "32.08088",
                "tlsVersion": "TLSv1.3",
                "tlsCipher": "AEAD-AES128-GCM-SHA256",
                "tlsClientRandom": "4bTwlXqsCJh28ZWiJBR3SwPIyqCDMNvQM1TvnKdSxOs=",
                "tlsClientCiphersSha1": "3HTt3+R/6BL3zeALJDSq0pR1yOQ=",
                "tlsClientExtensionsSha1": "rD5y3JbUDxJ8EXp7Si/FpCvWq9Y=",
                "tlsClientExtensionsSha1Le": "A3l+uAINvzy5XZB6E1ra2yrH5V4=",
                "tlsClientHelloLength": "1745",
                "tlsClientAuth": {
                    "certPresented": "0",
                    "certVerified": "NONE",
                    "certRevoked": "0",
                    "certIssuerDN": "",
                    "certSubjectDN": "",
                    "certIssuerDNRFC2253": "",
                    "certSubjectDNRFC2253": "",
                    "certIssuerDNLegacy": "",
                    "certSubjectDNLegacy": "",
                    "certSerial": "",
                    "certIssuerSerial": "",
                    "certSKI": "",
                    "certIssuerSKI": "",
                    "certFingerprintSHA1": "",
                    "certFingerprintSHA256": "",
                    "certNotBefore": "",
                    "certNotAfter": "",
                    "certRFC9440": "",
                    "certRFC9440TooLarge": false,
                    "certChainRFC9440": "",
                    "certChainRFC9440TooLarge": false
                },
                "verifiedBotCategory": "",
                "edgeL4": {
                    "deliveryRate": 57892
                }
            }
        },
        "response": {
            "status": 200
        }
    }
}
{
    "wallTime": 0,
    "cpuTime": 0,
    "truncated": false,
    "executionModel": "stateless",
    "outcome": "ok",
    "scriptVersion": {
        "id": "f13a955f-0998-445c-9ffd-b254408327cf"
    },
    "scriptName": "smarta-api",
    "diagnosticsChannelEvents": [],
    "exceptions": [],
    "logs": [],
    "eventTimestamp": 1778424828930,
    "event": {
        "request": {
            "url": "https://smarta-api.smarta-api.workers.dev/api/packages/REDACTED/collect",
            "method": "OPTIONS",
            "headers": {
                "accept": "*/*",
                "accept-encoding": "gzip, br",
                "accept-language": "he-IL,he;q=0.9,en-US;q=0.8,en;q=0.7",
                "access-control-request-headers": "authorization,content-type",
                "access-control-request-method": "POST",
                "cf-connecting-ip": "212.199.218.246",
                "cf-ipcountry": "IL",
                "cf-ray": "9f99c68ccde3e301",
                "cf-visitor": "{\"scheme\":\"https\"}",
                "connection": "Keep-Alive",
                "host": "smarta-api.smarta-api.workers.dev",
                "origin": "https://caplanim1967-sudo.github.io",
                "priority": "u=1, i",
                "sec-fetch-dest": "empty",
                "sec-fetch-mode": "cors",
                "sec-fetch-site": "cross-site",
                "user-agent": "Mozilla/5.0 (Windows NT 10.0; Win64; x64) AppleWebKit/537.36 (KHTML, like Gecko) Chrome/147.0.0.0 Safari/537.36",
                "x-forwarded-proto": "https",
                "x-real-ip": "212.199.218.246"
            },
            "cf": {
                "httpProtocol": "HTTP/3",
                "clientAcceptEncoding": "gzip, deflate, br",
                "requestPriority": "",
                "edgeRequestKeepAliveStatus": 1,
                "requestHeaderNames": {},
                "clientTcpRtt": 0,
                "clientQuicRtt": 19,
                "colo": "TLV",
                "asn": 12400,
                "asOrganization": "GOLDENLINES-NET-WAN",
                "country": "IL",
                "isEUCountry": false,
                "city": "Tel Aviv",
                "continent": "AS",
                "region": "Tel Aviv",
                "regionCode": "TA",
                "timezone": "Asia/Jerusalem",
                "longitude": "34.78057",
                "latitude": "32.08088",
                "tlsVersion": "TLSv1.3",
                "tlsCipher": "AEAD-AES128-GCM-SHA256",
                "tlsClientRandom": "4bTwlXqsCJh28ZWiJBR3SwPIyqCDMNvQM1TvnKdSxOs=",
                "tlsClientCiphersSha1": "3HTt3+R/6BL3zeALJDSq0pR1yOQ=",
                "tlsClientExtensionsSha1": "rD5y3JbUDxJ8EXp7Si/FpCvWq9Y=",
                "tlsClientExtensionsSha1Le": "A3l+uAINvzy5XZB6E1ra2yrH5V4=",
                "tlsClientHelloLength": "1745",
                "tlsClientAuth": {
                    "certPresented": "0",
                    "certVerified": "NONE",
                    "certRevoked": "0",
                    "certIssuerDN": "",
                    "certSubjectDN": "",
                    "certIssuerDNRFC2253": "",
                    "certSubjectDNRFC2253": "",
                    "certIssuerDNLegacy": "",
                    "certSubjectDNLegacy": "",
                    "certSerial": "",
                    "certIssuerSerial": "",
                    "certSKI": "",
                    "certIssuerSKI": "",
                    "certFingerprintSHA1": "",
                    "certFingerprintSHA256": "",
                    "certNotBefore": "",
                    "certNotAfter": "",
                    "certRFC9440": "",
                    "certRFC9440TooLarge": false,
                    "certChainRFC9440": "",
                    "certChainRFC9440TooLarge": false
                },
                "verifiedBotCategory": "",
                "edgeL4": {
                    "deliveryRate": 57892
                }
            }
        },
        "response": {
            "status": 204
        }
    }
}
{
    "wallTime": 83,
    "cpuTime": 0,
    "truncated": false,
    "executionModel": "stateless",
    "outcome": "ok",
    "scriptVersion": {
        "id": "f13a955f-0998-445c-9ffd-b254408327cf"
    },
    "scriptName": "smarta-api",
    "diagnosticsChannelEvents": [],
    "exceptions": [],
    "logs": [],
    "eventTimestamp": 1778424828955,
    "event": {
        "request": {
            "url": "https://smarta-api.smarta-api.workers.dev/api/packages/REDACTED/collect",
            "method": "POST",
            "headers": {
                "accept": "*/*",
                "accept-encoding": "gzip, br",
                "accept-language": "he-IL,he;q=0.9,en-US;q=0.8,en;q=0.7",
                "authorization": "REDACTED",
                "cf-connecting-ip": "212.199.218.246",
                "cf-ipcountry": "IL",
                "cf-ray": "9f99c68cfde7e301",
                "cf-visitor": "{\"scheme\":\"https\"}",
                "connection": "Keep-Alive",
                "content-length": "2",
                "content-type": "application/json",
                "host": "smarta-api.smarta-api.workers.dev",
                "origin": "https://caplanim1967-sudo.github.io",
                "priority": "u=1, i",
                "sec-ch-ua": "\"Google Chrome\";v=\"147\", \"Not.A/Brand\";v=\"8\", \"Chromium\";v=\"147\"",
                "sec-ch-ua-mobile": "?0",
                "sec-ch-ua-platform": "\"Windows\"",
                "sec-fetch-dest": "empty",
                "sec-fetch-mode": "cors",
                "sec-fetch-site": "cross-site",
                "user-agent": "Mozilla/5.0 (Windows NT 10.0; Win64; x64) AppleWebKit/537.36 (KHTML, like Gecko) Chrome/147.0.0.0 Safari/537.36",
                "x-forwarded-proto": "https",
                "x-real-ip": "212.199.218.246"
            },
            "cf": {
                "httpProtocol": "HTTP/3",
                "clientAcceptEncoding": "gzip, deflate, br",
                "requestPriority": "",
                "edgeRequestKeepAliveStatus": 1,
                "requestHeaderNames": {},
                "clientTcpRtt": 0,
                "clientQuicRtt": 18,
                "colo": "TLV",
                "asn": 12400,
                "asOrganization": "GOLDENLINES-NET-WAN",
                "country": "IL",
                "isEUCountry": false,
                "city": "Tel Aviv",
                "continent": "AS",
                "region": "Tel Aviv",
                "regionCode": "TA",
                "timezone": "Asia/Jerusalem",
                "longitude": "34.78057",
                "latitude": "32.08088",
                "tlsVersion": "TLSv1.3",
                "tlsCipher": "AEAD-AES128-GCM-SHA256",
                "tlsClientRandom": "4bTwlXqsCJh28ZWiJBR3SwPIyqCDMNvQM1TvnKdSxOs=",
                "tlsClientCiphersSha1": "3HTt3+R/6BL3zeALJDSq0pR1yOQ=",
                "tlsClientExtensionsSha1": "rD5y3JbUDxJ8EXp7Si/FpCvWq9Y=",
                "tlsClientExtensionsSha1Le": "A3l+uAINvzy5XZB6E1ra2yrH5V4=",
                "tlsClientHelloLength": "1745",
                "tlsClientAuth": {
                    "certPresented": "0",
                    "certVerified": "NONE",
                    "certRevoked": "0",
                    "certIssuerDN": "",
                    "certSubjectDN": "",
                    "certIssuerDNRFC2253": "",
                    "certSubjectDNRFC2253": "",
                    "certIssuerDNLegacy": "",
                    "certSubjectDNLegacy": "",
                    "certSerial": "",
                    "certIssuerSerial": "",
                    "certSKI": "",
                    "certIssuerSKI": "",
                    "certFingerprintSHA1": "",
                    "certFingerprintSHA256": "",
                    "certNotBefore": "",
                    "certNotAfter": "",
                    "certRFC9440": "",
                    "certRFC9440TooLarge": false,
                    "certChainRFC9440": "",
                    "certChainRFC9440TooLarge": false
                },
                "verifiedBotCategory": "",
                "edgeL4": {
                    "deliveryRate": 57892
                }
            }
        },
        "response": {
            "status": 200
        }
    }
}
{
    "wallTime": 0,
    "cpuTime": 0,
    "truncated": false,
    "executionModel": "stateless",
    "outcome": "ok",
    "scriptVersion": {
        "id": "f13a955f-0998-445c-9ffd-b254408327cf"
    },
    "scriptName": "smarta-api",
    "diagnosticsChannelEvents": [],
    "exceptions": [],
    "logs": [],
    "eventTimestamp": 1778424832701,
    "event": {
        "request": {
            "url": "https://smarta-api.smarta-api.workers.dev/api/packages/REDACTED/collect",
            "method": "OPTIONS",
            "headers": {
                "accept": "*/*",
                "accept-encoding": "gzip, br",
                "accept-language": "he-IL,he;q=0.9,en-US;q=0.8,en;q=0.7",
                "access-control-request-headers": "authorization,content-type",
                "access-control-request-method": "POST",
                "cf-connecting-ip": "212.199.218.246",
                "cf-ipcountry": "IL",
                "cf-ray": "9f99c6a45a07e301",
                "cf-visitor": "{\"scheme\":\"https\"}",
                "connection": "Keep-Alive",
                "host": "smarta-api.smarta-api.workers.dev",
                "origin": "https://caplanim1967-sudo.github.io",
                "priority": "u=1, i",
                "sec-fetch-dest": "empty",
                "sec-fetch-mode": "cors",
                "sec-fetch-site": "cross-site",
                "user-agent": "Mozilla/5.0 (Windows NT 10.0; Win64; x64) AppleWebKit/537.36 (KHTML, like Gecko) Chrome/147.0.0.0 Safari/537.36",
                "x-forwarded-proto": "https",
                "x-real-ip": "212.199.218.246"
            },
            "cf": {
                "httpProtocol": "HTTP/3",
                "clientAcceptEncoding": "gzip, deflate, br",
                "requestPriority": "",
                "edgeRequestKeepAliveStatus": 1,
                "requestHeaderNames": {},
                "clientTcpRtt": 0,
                "clientQuicRtt": 17,
                "colo": "TLV",
                "asn": 12400,
                "asOrganization": "GOLDENLINES-NET-WAN",
                "country": "IL",
                "isEUCountry": false,
                "city": "Tel Aviv",
                "continent": "AS",
                "region": "Tel Aviv",
                "regionCode": "TA",
                "timezone": "Asia/Jerusalem",
                "longitude": "34.78057",
                "latitude": "32.08088",
                "tlsVersion": "TLSv1.3",
                "tlsCipher": "AEAD-AES128-GCM-SHA256",
                "tlsClientRandom": "4bTwlXqsCJh28ZWiJBR3SwPIyqCDMNvQM1TvnKdSxOs=",
                "tlsClientCiphersSha1": "3HTt3+R/6BL3zeALJDSq0pR1yOQ=",
                "tlsClientExtensionsSha1": "rD5y3JbUDxJ8EXp7Si/FpCvWq9Y=",
                "tlsClientExtensionsSha1Le": "A3l+uAINvzy5XZB6E1ra2yrH5V4=",
                "tlsClientHelloLength": "1745",
                "tlsClientAuth": {
                    "certPresented": "0",
                    "certVerified": "NONE",
                    "certRevoked": "0",
                    "certIssuerDN": "",
                    "certSubjectDN": "",
                    "certIssuerDNRFC2253": "",
                    "certSubjectDNRFC2253": "",
                    "certIssuerDNLegacy": "",
                    "certSubjectDNLegacy": "",
                    "certSerial": "",
                    "certIssuerSerial": "",
                    "certSKI": "",
                    "certIssuerSKI": "",
                    "certFingerprintSHA1": "",
                    "certFingerprintSHA256": "",
                    "certNotBefore": "",
                    "certNotAfter": "",
                    "certRFC9440": "",
                    "certRFC9440TooLarge": false,
                    "certChainRFC9440": "",
                    "certChainRFC9440TooLarge": false
                },
                "verifiedBotCategory": "",
                "edgeL4": {
                    "deliveryRate": 61948
                }
            }
        },
        "response": {
            "status": 204
        }
    }
}
{
    "wallTime": 0,
    "cpuTime": 0,
    "truncated": false,
    "executionModel": "stateless",
    "outcome": "ok",
    "scriptVersion": {
        "id": "f13a955f-0998-445c-9ffd-b254408327cf"
    },
    "scriptName": "smarta-api",
    "diagnosticsChannelEvents": [],
    "exceptions": [],
    "logs": [],
    "eventTimestamp": 1778424832701,
    "event": {
        "request": {
            "url": "https://smarta-api.smarta-api.workers.dev/api/packages/REDACTED/collect",
            "method": "OPTIONS",
            "headers": {
                "accept": "*/*",
                "accept-encoding": "gzip, br",
                "accept-language": "he-IL,he;q=0.9,en-US;q=0.8,en;q=0.7",
                "access-control-request-headers": "authorization,content-type",
                "access-control-request-method": "POST",
                "cf-connecting-ip": "212.199.218.246",
                "cf-ipcountry": "IL",
                "cf-ray": "9f99c6a45a08e301",
                "cf-visitor": "{\"scheme\":\"https\"}",
                "connection": "Keep-Alive",
                "host": "smarta-api.smarta-api.workers.dev",
                "origin": "https://caplanim1967-sudo.github.io",
                "priority": "u=1, i",
                "sec-fetch-dest": "empty",
                "sec-fetch-mode": "cors",
                "sec-fetch-site": "cross-site",
                "user-agent": "Mozilla/5.0 (Windows NT 10.0; Win64; x64) AppleWebKit/537.36 (KHTML, like Gecko) Chrome/147.0.0.0 Safari/537.36",
                "x-forwarded-proto": "https",
                "x-real-ip": "212.199.218.246"
            },
            "cf": {
                "httpProtocol": "HTTP/3",
                "clientAcceptEncoding": "gzip, deflate, br",
                "requestPriority": "",
                "edgeRequestKeepAliveStatus": 1,
                "requestHeaderNames": {},
                "clientTcpRtt": 0,
                "clientQuicRtt": 17,
                "colo": "TLV",
                "asn": 12400,
                "asOrganization": "GOLDENLINES-NET-WAN",
                "country": "IL",
                "isEUCountry": false,
                "city": "Tel Aviv",
                "continent": "AS",
                "region": "Tel Aviv",
                "regionCode": "TA",
                "timezone": "Asia/Jerusalem",
                "longitude": "34.78057",
                "latitude": "32.08088",
                "tlsVersion": "TLSv1.3",
                "tlsCipher": "AEAD-AES128-GCM-SHA256",
                "tlsClientRandom": "4bTwlXqsCJh28ZWiJBR3SwPIyqCDMNvQM1TvnKdSxOs=",
                "tlsClientCiphersSha1": "3HTt3+R/6BL3zeALJDSq0pR1yOQ=",
                "tlsClientExtensionsSha1": "rD5y3JbUDxJ8EXp7Si/FpCvWq9Y=",
                "tlsClientExtensionsSha1Le": "A3l+uAINvzy5XZB6E1ra2yrH5V4=",
                "tlsClientHelloLength": "1745",
                "tlsClientAuth": {
                    "certPresented": "0",
                    "certVerified": "NONE",
                    "certRevoked": "0",
                    "certIssuerDN": "",
                    "certSubjectDN": "",
                    "certIssuerDNRFC2253": "",
                    "certSubjectDNRFC2253": "",
                    "certIssuerDNLegacy": "",
                    "certSubjectDNLegacy": "",
                    "certSerial": "",
                    "certIssuerSerial": "",
                    "certSKI": "",
                    "certIssuerSKI": "",
                    "certFingerprintSHA1": "",
                    "certFingerprintSHA256": "",
                    "certNotBefore": "",
                    "certNotAfter": "",
                    "certRFC9440": "",
                    "certRFC9440TooLarge": false,
                    "certChainRFC9440": "",
                    "certChainRFC9440TooLarge": false
                },
                "verifiedBotCategory": "",
                "edgeL4": {
                    "deliveryRate": 61948
                }
            }
        },
        "response": {
            "status": 204
        }
    }
}
{
    "wallTime": 80,
    "cpuTime": 0,
    "truncated": false,
    "executionModel": "stateless",
    "outcome": "ok",
    "scriptVersion": {
        "id": "f13a955f-0998-445c-9ffd-b254408327cf"
    },
    "scriptName": "smarta-api",
    "diagnosticsChannelEvents": [],
    "exceptions": [],
    "logs": [],
    "eventTimestamp": 1778424832730,
    "event": {
        "request": {
            "url": "https://smarta-api.smarta-api.workers.dev/api/packages/REDACTED/collect",
            "method": "POST",
            "headers": {
                "accept": "*/*",
                "accept-encoding": "gzip, br",
                "accept-language": "he-IL,he;q=0.9,en-US;q=0.8,en;q=0.7",
                "authorization": "REDACTED",
                "cf-connecting-ip": "212.199.218.246",
                "cf-ipcountry": "IL",
                "cf-ray": "9f99c6a48a0ee301",
                "cf-visitor": "{\"scheme\":\"https\"}",
                "connection": "Keep-Alive",
                "content-length": "2",
                "content-type": "application/json",
                "host": "smarta-api.smarta-api.workers.dev",
                "origin": "https://caplanim1967-sudo.github.io",
                "priority": "u=1, i",
                "sec-ch-ua": "\"Google Chrome\";v=\"147\", \"Not.A/Brand\";v=\"8\", \"Chromium\";v=\"147\"",
                "sec-ch-ua-mobile": "?0",
                "sec-ch-ua-platform": "\"Windows\"",
                "sec-fetch-dest": "empty",
                "sec-fetch-mode": "cors",
                "sec-fetch-site": "cross-site",
                "user-agent": "Mozilla/5.0 (Windows NT 10.0; Win64; x64) AppleWebKit/537.36 (KHTML, like Gecko) Chrome/147.0.0.0 Safari/537.36",
                "x-forwarded-proto": "https",
                "x-real-ip": "212.199.218.246"
            },
            "cf": {
                "httpProtocol": "HTTP/3",
                "clientAcceptEncoding": "gzip, deflate, br",
                "requestPriority": "",
                "edgeRequestKeepAliveStatus": 1,
                "requestHeaderNames": {},
                "clientTcpRtt": 0,
                "clientQuicRtt": 17,
                "colo": "TLV",
                "asn": 12400,
                "asOrganization": "GOLDENLINES-NET-WAN",
                "country": "IL",
                "isEUCountry": false,
                "city": "Tel Aviv",
                "continent": "AS",
                "region": "Tel Aviv",
                "regionCode": "TA",
                "timezone": "Asia/Jerusalem",
                "longitude": "34.78057",
                "latitude": "32.08088",
                "tlsVersion": "TLSv1.3",
                "tlsCipher": "AEAD-AES128-GCM-SHA256",
                "tlsClientRandom": "4bTwlXqsCJh28ZWiJBR3SwPIyqCDMNvQM1TvnKdSxOs=",
                "tlsClientCiphersSha1": "3HTt3+R/6BL3zeALJDSq0pR1yOQ=",
                "tlsClientExtensionsSha1": "rD5y3JbUDxJ8EXp7Si/FpCvWq9Y=",
                "tlsClientExtensionsSha1Le": "A3l+uAINvzy5XZB6E1ra2yrH5V4=",
                "tlsClientHelloLength": "1745",
                "tlsClientAuth": {
                    "certPresented": "0",
                    "certVerified": "NONE",
                    "certRevoked": "0",
                    "certIssuerDN": "",
                    "certSubjectDN": "",
                    "certIssuerDNRFC2253": "",
                    "certSubjectDNRFC2253": "",
                    "certIssuerDNLegacy": "",
                    "certSubjectDNLegacy": "",
                    "certSerial": "",
                    "certIssuerSerial": "",
                    "certSKI": "",
                    "certIssuerSKI": "",
                    "certFingerprintSHA1": "",
                    "certFingerprintSHA256": "",
                    "certNotBefore": "",
                    "certNotAfter": "",
                    "certRFC9440": "",
                    "certRFC9440TooLarge": false,
                    "certChainRFC9440": "",
                    "certChainRFC9440TooLarge": false
                },
                "verifiedBotCategory": "",
                "edgeL4": {
                    "deliveryRate": 68714
                }
            }
        },
        "response": {
            "status": 200
        }
    }
}
{
    "wallTime": 86,
    "cpuTime": 0,
    "truncated": false,
    "executionModel": "stateless",
    "outcome": "ok",
    "scriptVersion": {
        "id": "f13a955f-0998-445c-9ffd-b254408327cf"
    },
    "scriptName": "smarta-api",
    "diagnosticsChannelEvents": [],
    "exceptions": [],
    "logs": [],
    "eventTimestamp": 1778424832730,
    "event": {
        "request": {
            "url": "https://smarta-api.smarta-api.workers.dev/api/packages/REDACTED/collect",
            "method": "POST",
            "headers": {
                "accept": "*/*",
                "accept-encoding": "gzip, br",
                "accept-language": "he-IL,he;q=0.9,en-US;q=0.8,en;q=0.7",
                "authorization": "REDACTED",
                "cf-connecting-ip": "212.199.218.246",
                "cf-ipcountry": "IL",
                "cf-ray": "9f99c6a48a0de301",
                "cf-visitor": "{\"scheme\":\"https\"}",
                "connection": "Keep-Alive",
                "content-length": "2",
                "content-type": "application/json",
                "host": "smarta-api.smarta-api.workers.dev",
                "origin": "https://caplanim1967-sudo.github.io",
                "priority": "u=1, i",
                "sec-ch-ua": "\"Google Chrome\";v=\"147\", \"Not.A/Brand\";v=\"8\", \"Chromium\";v=\"147\"",
                "sec-ch-ua-mobile": "?0",
                "sec-ch-ua-platform": "\"Windows\"",
                "sec-fetch-dest": "empty",
                "sec-fetch-mode": "cors",
                "sec-fetch-site": "cross-site",
                "user-agent": "Mozilla/5.0 (Windows NT 10.0; Win64; x64) AppleWebKit/537.36 (KHTML, like Gecko) Chrome/147.0.0.0 Safari/537.36",
                "x-forwarded-proto": "https",
                "x-real-ip": "212.199.218.246"
            },
            "cf": {
                "httpProtocol": "HTTP/3",
                "clientAcceptEncoding": "gzip, deflate, br",
                "requestPriority": "",
                "edgeRequestKeepAliveStatus": 1,
                "requestHeaderNames": {},
                "clientTcpRtt": 0,
                "clientQuicRtt": 17,
                "colo": "TLV",
                "asn": 12400,
                "asOrganization": "GOLDENLINES-NET-WAN",
                "country": "IL",
                "isEUCountry": false,
                "city": "Tel Aviv",
                "continent": "AS",
                "region": "Tel Aviv",
                "regionCode": "TA",
                "timezone": "Asia/Jerusalem",
                "longitude": "34.78057",
                "latitude": "32.08088",
                "tlsVersion": "TLSv1.3",
                "tlsCipher": "AEAD-AES128-GCM-SHA256",
                "tlsClientRandom": "4bTwlXqsCJh28ZWiJBR3SwPIyqCDMNvQM1TvnKdSxOs=",
                "tlsClientCiphersSha1": "3HTt3+R/6BL3zeALJDSq0pR1yOQ=",
                "tlsClientExtensionsSha1": "rD5y3JbUDxJ8EXp7Si/FpCvWq9Y=",
                "tlsClientExtensionsSha1Le": "A3l+uAINvzy5XZB6E1ra2yrH5V4=",
                "tlsClientHelloLength": "1745",
                "tlsClientAuth": {
                    "certPresented": "0",
                    "certVerified": "NONE",
                    "certRevoked": "0",
                    "certIssuerDN": "",
                    "certSubjectDN": "",
                    "certIssuerDNRFC2253": "",
                    "certSubjectDNRFC2253": "",
                    "certIssuerDNLegacy": "",
                    "certSubjectDNLegacy": "",
                    "certSerial": "",
                    "certIssuerSerial": "",
                    "certSKI": "",
                    "certIssuerSKI": "",
                    "certFingerprintSHA1": "",
                    "certFingerprintSHA256": "",
                    "certNotBefore": "",
                    "certNotAfter": "",
                    "certRFC9440": "",
                    "certRFC9440TooLarge": false,
                    "certChainRFC9440": "",
                    "certChainRFC9440TooLarge": false
                },
                "verifiedBotCategory": "",
                "edgeL4": {
                    "deliveryRate": 68714
                }
            }
        },
        "response": {
            "status": 200
        }
    }
}
{
    "wallTime": 0,
    "cpuTime": 0,
    "truncated": false,
    "executionModel": "stateless",
    "outcome": "ok",
    "scriptVersion": {
        "id": "f13a955f-0998-445c-9ffd-b254408327cf"
    },
    "scriptName": "smarta-api",
    "diagnosticsChannelEvents": [],
    "exceptions": [],
    "logs": [],
    "eventTimestamp": 1778424834968,
    "event": {
        "request": {
            "url": "https://smarta-api.smarta-api.workers.dev/api/packages/REDACTED/collect",
            "method": "OPTIONS",
            "headers": {
                "accept": "*/*",
                "accept-encoding": "gzip, br",
                "accept-language": "he-IL,he;q=0.9,en-US;q=0.8,en;q=0.7",
                "access-control-request-headers": "authorization,content-type",
                "access-control-request-method": "POST",
                "cf-connecting-ip": "212.199.218.246",
                "cf-ipcountry": "IL",
                "cf-ray": "9f99c6b28bf9e301",
                "cf-visitor": "{\"scheme\":\"https\"}",
                "connection": "Keep-Alive",
                "host": "smarta-api.smarta-api.workers.dev",
                "origin": "https://caplanim1967-sudo.github.io",
                "priority": "u=1, i",
                "sec-fetch-dest": "empty",
                "sec-fetch-mode": "cors",
                "sec-fetch-site": "cross-site",
                "user-agent": "Mozilla/5.0 (Windows NT 10.0; Win64; x64) AppleWebKit/537.36 (KHTML, like Gecko) Chrome/147.0.0.0 Safari/537.36",
                "x-forwarded-proto": "https",
                "x-real-ip": "212.199.218.246"
            },
            "cf": {
                "httpProtocol": "HTTP/3",
                "clientAcceptEncoding": "gzip, deflate, br",
                "requestPriority": "",
                "edgeRequestKeepAliveStatus": 1,
                "requestHeaderNames": {},
                "clientTcpRtt": 0,
                "clientQuicRtt": 15,
                "colo": "TLV",
                "asn": 12400,
                "asOrganization": "GOLDENLINES-NET-WAN",
                "country": "IL",
                "isEUCountry": false,
                "city": "Tel Aviv",
                "continent": "AS",
                "region": "Tel Aviv",
                "regionCode": "TA",
                "timezone": "Asia/Jerusalem",
                "longitude": "34.78057",
                "latitude": "32.08088",
                "tlsVersion": "TLSv1.3",
                "tlsCipher": "AEAD-AES128-GCM-SHA256",
                "tlsClientRandom": "4bTwlXqsCJh28ZWiJBR3SwPIyqCDMNvQM1TvnKdSxOs=",
                "tlsClientCiphersSha1": "3HTt3+R/6BL3zeALJDSq0pR1yOQ=",
                "tlsClientExtensionsSha1": "rD5y3JbUDxJ8EXp7Si/FpCvWq9Y=",
                "tlsClientExtensionsSha1Le": "A3l+uAINvzy5XZB6E1ra2yrH5V4=",
                "tlsClientHelloLength": "1745",
                "tlsClientAuth": {
                    "certPresented": "0",
                    "certVerified": "NONE",
                    "certRevoked": "0",
                    "certIssuerDN": "",
                    "certSubjectDN": "",
                    "certIssuerDNRFC2253": "",
                    "certSubjectDNRFC2253": "",
                    "certIssuerDNLegacy": "",
                    "certSubjectDNLegacy": "",
                    "certSerial": "",
                    "certIssuerSerial": "",
                    "certSKI": "",
                    "certIssuerSKI": "",
                    "certFingerprintSHA1": "",
                    "certFingerprintSHA256": "",
                    "certNotBefore": "",
                    "certNotAfter": "",
                    "certRFC9440": "",
                    "certRFC9440TooLarge": false,
                    "certChainRFC9440": "",
                    "certChainRFC9440TooLarge": false
                },
                "verifiedBotCategory": "",
                "edgeL4": {
                    "deliveryRate": 68714
                }
            }
        },
        "response": {
            "status": 204
        }
    }
}
{
    "wallTime": 79,
    "cpuTime": 0,
    "truncated": false,
    "executionModel": "stateless",
    "outcome": "ok",
    "scriptVersion": {
        "id": "f13a955f-0998-445c-9ffd-b254408327cf"
    },
    "scriptName": "smarta-api",
    "diagnosticsChannelEvents": [],
    "exceptions": [],
    "logs": [],
    "eventTimestamp": 1778424834994,
    "event": {
        "request": {
            "url": "https://smarta-api.smarta-api.workers.dev/api/packages/REDACTED/collect",
            "method": "POST",
            "headers": {
                "accept": "*/*",
                "accept-encoding": "gzip, br",
                "accept-language": "he-IL,he;q=0.9,en-US;q=0.8,en;q=0.7",
                "authorization": "REDACTED",
                "cf-connecting-ip": "212.199.218.246",
                "cf-ipcountry": "IL",
                "cf-ray": "9f99c6b2bbfde301",
                "cf-visitor": "{\"scheme\":\"https\"}",
                "connection": "Keep-Alive",
                "content-length": "2",
                "content-type": "application/json",
                "host": "smarta-api.smarta-api.workers.dev",
                "origin": "https://caplanim1967-sudo.github.io",
                "priority": "u=1, i",
                "sec-ch-ua": "\"Google Chrome\";v=\"147\", \"Not.A/Brand\";v=\"8\", \"Chromium\";v=\"147\"",
                "sec-ch-ua-mobile": "?0",
                "sec-ch-ua-platform": "\"Windows\"",
                "sec-fetch-dest": "empty",
                "sec-fetch-mode": "cors",
                "sec-fetch-site": "cross-site",
                "user-agent": "Mozilla/5.0 (Windows NT 10.0; Win64; x64) AppleWebKit/537.36 (KHTML, like Gecko) Chrome/147.0.0.0 Safari/537.36",
                "x-forwarded-proto": "https",
                "x-real-ip": "212.199.218.246"
            },
            "cf": {
                "httpProtocol": "HTTP/3",
                "clientAcceptEncoding": "gzip, deflate, br",
                "requestPriority": "",
                "edgeRequestKeepAliveStatus": 1,
                "requestHeaderNames": {},
                "clientTcpRtt": 0,
                "clientQuicRtt": 14,
                "colo": "TLV",
                "asn": 12400,
                "asOrganization": "GOLDENLINES-NET-WAN",
                "country": "IL",
                "isEUCountry": false,
                "city": "Tel Aviv",
                "continent": "AS",
                "region": "Tel Aviv",
                "regionCode": "TA",
                "timezone": "Asia/Jerusalem",
                "longitude": "34.78057",
                "latitude": "32.08088",
                "tlsVersion": "TLSv1.3",
                "tlsCipher": "AEAD-AES128-GCM-SHA256",
                "tlsClientRandom": "4bTwlXqsCJh28ZWiJBR3SwPIyqCDMNvQM1TvnKdSxOs=",
                "tlsClientCiphersSha1": "3HTt3+R/6BL3zeALJDSq0pR1yOQ=",
                "tlsClientExtensionsSha1": "rD5y3JbUDxJ8EXp7Si/FpCvWq9Y=",
                "tlsClientExtensionsSha1Le": "A3l+uAINvzy5XZB6E1ra2yrH5V4=",
                "tlsClientHelloLength": "1745",
                "tlsClientAuth": {
                    "certPresented": "0",
                    "certVerified": "NONE",
                    "certRevoked": "0",
                    "certIssuerDN": "",
                    "certSubjectDN": "",
                    "certIssuerDNRFC2253": "",
                    "certSubjectDNRFC2253": "",
                    "certIssuerDNLegacy": "",
                    "certSubjectDNLegacy": "",
                    "certSerial": "",
                    "certIssuerSerial": "",
                    "certSKI": "",
                    "certIssuerSKI": "",
                    "certFingerprintSHA1": "",
                    "certFingerprintSHA256": "",
                    "certNotBefore": "",
                    "certNotAfter": "",
                    "certRFC9440": "",
                    "certRFC9440TooLarge": false,
                    "certChainRFC9440": "",
                    "certChainRFC9440TooLarge": false
                },
                "verifiedBotCategory": "",
                "edgeL4": {
                    "deliveryRate": 68714
                }
            }
        },
        "response": {
            "status": 200
        }
    }
}
{
    "wallTime": 0,
    "cpuTime": 0,
    "truncated": false,
    "executionModel": "stateless",
    "outcome": "ok",
    "scriptVersion": {
        "id": "f13a955f-0998-445c-9ffd-b254408327cf"
    },
    "scriptName": "smarta-api",
    "diagnosticsChannelEvents": [],
    "exceptions": [],
    "logs": [],
    "eventTimestamp": 1778424895018,
    "event": {
        "request": {
            "url": "https://smarta-api.smarta-api.workers.dev/api/packages?status=waiting",
            "method": "OPTIONS",
            "headers": {
                "accept": "*/*",
                "accept-encoding": "gzip, br",
                "accept-language": "he-IL,he;q=0.9,en-US;q=0.8,en;q=0.7",
                "access-control-request-headers": "authorization",
                "access-control-request-method": "GET",
                "cf-connecting-ip": "212.199.218.246",
                "cf-ipcountry": "IL",
                "cf-ray": "9f99c829df97d31d",
                "cf-visitor": "{\"scheme\":\"https\"}",
                "connection": "Keep-Alive",
                "host": "smarta-api.smarta-api.workers.dev",
                "origin": "https://caplanim1967-sudo.github.io",
                "priority": "u=1, i",
                "sec-fetch-dest": "empty",
                "sec-fetch-mode": "cors",
                "sec-fetch-site": "cross-site",
                "user-agent": "Mozilla/5.0 (Windows NT 10.0; Win64; x64) AppleWebKit/537.36 (KHTML, like Gecko) Chrome/147.0.0.0 Safari/537.36",
                "x-forwarded-proto": "https",
                "x-real-ip": "212.199.218.246"
            },
            "cf": {
                "httpProtocol": "HTTP/3",
                "clientAcceptEncoding": "gzip, deflate, br",
                "requestPriority": "",
                "edgeRequestKeepAliveStatus": 1,
                "requestHeaderNames": {},
                "clientTcpRtt": 0,
                "clientQuicRtt": 28,
                "colo": "TLV",
                "asn": 12400,
                "asOrganization": "GOLDENLINES-NET-WAN",
                "country": "IL",
                "isEUCountry": false,
                "city": "Tel Aviv",
                "continent": "AS",
                "region": "Tel Aviv",
                "regionCode": "TA",
                "timezone": "Asia/Jerusalem",
                "longitude": "34.78057",
                "latitude": "32.08088",
                "tlsVersion": "TLSv1.3",
                "tlsCipher": "AEAD-AES128-GCM-SHA256",
                "tlsClientRandom": "eQVHoIRvx2D7QE4loGdpmOQ4RpFtB11ZtHMS4sbaMeU=",
                "tlsClientCiphersSha1": "3HTt3+R/6BL3zeALJDSq0pR1yOQ=",
                "tlsClientExtensionsSha1": "wrJDg9P9/pWQGUJ9dPrZIrD3Op4=",
                "tlsClientExtensionsSha1Le": "IyWSDHc1/fNTUfJH+1HZzDokon4=",
                "tlsClientHelloLength": "1755",
                "tlsClientAuth": {
                    "certPresented": "0",
                    "certVerified": "NONE",
                    "certRevoked": "0",
                    "certIssuerDN": "",
                    "certSubjectDN": "",
                    "certIssuerDNRFC2253": "",
                    "certSubjectDNRFC2253": "",
                    "certIssuerDNLegacy": "",
                    "certSubjectDNLegacy": "",
                    "certSerial": "",
                    "certIssuerSerial": "",
                    "certSKI": "",
                    "certIssuerSKI": "",
                    "certFingerprintSHA1": "",
                    "certFingerprintSHA256": "",
                    "certNotBefore": "",
                    "certNotAfter": "",
                    "certRFC9440": "",
                    "certRFC9440TooLarge": false,
                    "certChainRFC9440": "",
                    "certChainRFC9440TooLarge": false
                },
                "verifiedBotCategory": "",
                "edgeL4": {
                    "deliveryRate": 48168
                }
            }
        },
        "response": {
            "status": 204
        }
    }
}
{
    "wallTime": 0,
    "cpuTime": 0,
    "truncated": false,
    "executionModel": "stateless",
    "outcome": "ok",
    "scriptVersion": {
        "id": "f13a955f-0998-445c-9ffd-b254408327cf"
    },
    "scriptName": "smarta-api",
    "diagnosticsChannelEvents": [],
    "exceptions": [],
    "logs": [],
    "eventTimestamp": 1778424895018,
    "event": {
        "request": {
            "url": "https://smarta-api.smarta-api.workers.dev/api/packages",
            "method": "OPTIONS",
            "headers": {
                "accept": "*/*",
                "accept-encoding": "gzip, br",
                "accept-language": "he-IL,he;q=0.9,en-US;q=0.8,en;q=0.7",
                "access-control-request-headers": "authorization,content-type",
                "access-control-request-method": "POST",
                "cf-connecting-ip": "212.199.218.246",
                "cf-ipcountry": "IL",
                "cf-ray": "9f99c829df99d31d",
                "cf-visitor": "{\"scheme\":\"https\"}",
                "connection": "Keep-Alive",
                "host": "smarta-api.smarta-api.workers.dev",
                "origin": "https://caplanim1967-sudo.github.io",
                "priority": "u=1, i",
                "sec-fetch-dest": "empty",
                "sec-fetch-mode": "cors",
                "sec-fetch-site": "cross-site",
                "user-agent": "Mozilla/5.0 (Windows NT 10.0; Win64; x64) AppleWebKit/537.36 (KHTML, like Gecko) Chrome/147.0.0.0 Safari/537.36",
                "x-forwarded-proto": "https",
                "x-real-ip": "212.199.218.246"
            },
            "cf": {
                "httpProtocol": "HTTP/3",
                "clientAcceptEncoding": "gzip, deflate, br",
                "requestPriority": "",
                "edgeRequestKeepAliveStatus": 1,
                "requestHeaderNames": {},
                "clientTcpRtt": 0,
                "clientQuicRtt": 28,
                "colo": "TLV",
                "asn": 12400,
                "asOrganization": "GOLDENLINES-NET-WAN",
                "country": "IL",
                "isEUCountry": false,
                "city": "Tel Aviv",
                "continent": "AS",
                "region": "Tel Aviv",
                "regionCode": "TA",
                "timezone": "Asia/Jerusalem",
                "longitude": "34.78057",
                "latitude": "32.08088",
                "tlsVersion": "TLSv1.3",
                "tlsCipher": "AEAD-AES128-GCM-SHA256",
                "tlsClientRandom": "eQVHoIRvx2D7QE4loGdpmOQ4RpFtB11ZtHMS4sbaMeU=",
                "tlsClientCiphersSha1": "3HTt3+R/6BL3zeALJDSq0pR1yOQ=",
                "tlsClientExtensionsSha1": "wrJDg9P9/pWQGUJ9dPrZIrD3Op4=",
                "tlsClientExtensionsSha1Le": "IyWSDHc1/fNTUfJH+1HZzDokon4=",
                "tlsClientHelloLength": "1755",
                "tlsClientAuth": {
                    "certPresented": "0",
                    "certVerified": "NONE",
                    "certRevoked": "0",
                    "certIssuerDN": "",
                    "certSubjectDN": "",
                    "certIssuerDNRFC2253": "",
                    "certSubjectDNRFC2253": "",
                    "certIssuerDNLegacy": "",
                    "certSubjectDNLegacy": "",
                    "certSerial": "",
                    "certIssuerSerial": "",
                    "certSKI": "",
                    "certIssuerSKI": "",
                    "certFingerprintSHA1": "",
                    "certFingerprintSHA256": "",
                    "certNotBefore": "",
                    "certNotAfter": "",
                    "certRFC9440": "",
                    "certRFC9440TooLarge": false,
                    "certChainRFC9440": "",
                    "certChainRFC9440TooLarge": false
                },
                "verifiedBotCategory": "",
                "edgeL4": {
                    "deliveryRate": 48168
                }
            }
        },
        "response": {
            "status": 204
        }
    }
}
{
    "wallTime": 0,
    "cpuTime": 0,
    "truncated": false,
    "executionModel": "stateless",
    "outcome": "ok",
    "scriptVersion": {
        "id": "f13a955f-0998-445c-9ffd-b254408327cf"
    },
    "scriptName": "smarta-api",
    "diagnosticsChannelEvents": [],
    "exceptions": [],
    "logs": [],
    "eventTimestamp": 1778424895018,
    "event": {
        "request": {
            "url": "https://smarta-api.smarta-api.workers.dev/api/residents",
            "method": "OPTIONS",
            "headers": {
                "accept": "*/*",
                "accept-encoding": "gzip, br",
                "accept-language": "he-IL,he;q=0.9,en-US;q=0.8,en;q=0.7",
                "access-control-request-headers": "authorization",
                "access-control-request-method": "GET",
                "cf-connecting-ip": "212.199.218.246",
                "cf-ipcountry": "IL",
                "cf-ray": "9f99c829df96d31d",
                "cf-visitor": "{\"scheme\":\"https\"}",
                "connection": "Keep-Alive",
                "host": "smarta-api.smarta-api.workers.dev",
                "origin": "https://caplanim1967-sudo.github.io",
                "priority": "u=1, i",
                "sec-fetch-dest": "empty",
                "sec-fetch-mode": "cors",
                "sec-fetch-site": "cross-site",
                "user-agent": "Mozilla/5.0 (Windows NT 10.0; Win64; x64) AppleWebKit/537.36 (KHTML, like Gecko) Chrome/147.0.0.0 Safari/537.36",
                "x-forwarded-proto": "https",
                "x-real-ip": "212.199.218.246"
            },
            "cf": {
                "httpProtocol": "HTTP/3",
                "clientAcceptEncoding": "gzip, deflate, br",
                "requestPriority": "",
                "edgeRequestKeepAliveStatus": 1,
                "requestHeaderNames": {},
                "clientTcpRtt": 0,
                "clientQuicRtt": 28,
                "colo": "TLV",
                "asn": 12400,
                "asOrganization": "GOLDENLINES-NET-WAN",
                "country": "IL",
                "isEUCountry": false,
                "city": "Tel Aviv",
                "continent": "AS",
                "region": "Tel Aviv",
                "regionCode": "TA",
                "timezone": "Asia/Jerusalem",
                "longitude": "34.78057",
                "latitude": "32.08088",
                "tlsVersion": "TLSv1.3",
                "tlsCipher": "AEAD-AES128-GCM-SHA256",
                "tlsClientRandom": "eQVHoIRvx2D7QE4loGdpmOQ4RpFtB11ZtHMS4sbaMeU=",
                "tlsClientCiphersSha1": "3HTt3+R/6BL3zeALJDSq0pR1yOQ=",
                "tlsClientExtensionsSha1": "wrJDg9P9/pWQGUJ9dPrZIrD3Op4=",
                "tlsClientExtensionsSha1Le": "IyWSDHc1/fNTUfJH+1HZzDokon4=",
                "tlsClientHelloLength": "1755",
                "tlsClientAuth": {
                    "certPresented": "0",
                    "certVerified": "NONE",
                    "certRevoked": "0",
                    "certIssuerDN": "",
                    "certSubjectDN": "",
                    "certIssuerDNRFC2253": "",
                    "certSubjectDNRFC2253": "",
                    "certIssuerDNLegacy": "",
                    "certSubjectDNLegacy": "",
                    "certSerial": "",
                    "certIssuerSerial": "",
                    "certSKI": "",
                    "certIssuerSKI": "",
                    "certFingerprintSHA1": "",
                    "certFingerprintSHA256": "",
                    "certNotBefore": "",
                    "certNotAfter": "",
                    "certRFC9440": "",
                    "certRFC9440TooLarge": false,
                    "certChainRFC9440": "",
                    "certChainRFC9440TooLarge": false
                },
                "verifiedBotCategory": "",
                "edgeL4": {
                    "deliveryRate": 48168
                }
            }
        },
        "response": {
            "status": 204
        }
    }
}
{
    "wallTime": 0,
    "cpuTime": 0,
    "truncated": false,
    "executionModel": "stateless",
    "outcome": "ok",
    "scriptVersion": {
        "id": "f13a955f-0998-445c-9ffd-b254408327cf"
    },
    "scriptName": "smarta-api",
    "diagnosticsChannelEvents": [],
    "exceptions": [],
    "logs": [],
    "eventTimestamp": 1778424895020,
    "event": {
        "request": {
            "url": "https://smarta-api.smarta-api.workers.dev/api/cells",
            "method": "OPTIONS",
            "headers": {
                "accept": "*/*",
                "accept-encoding": "gzip, br",
                "accept-language": "he-IL,he;q=0.9,en-US;q=0.8,en;q=0.7",
                "access-control-request-headers": "authorization",
                "access-control-request-method": "GET",
                "cf-connecting-ip": "212.199.218.246",
                "cf-ipcountry": "IL",
                "cf-ray": "9f99c829df98d31d",
                "cf-visitor": "{\"scheme\":\"https\"}",
                "connection": "Keep-Alive",
                "host": "smarta-api.smarta-api.workers.dev",
                "origin": "https://caplanim1967-sudo.github.io",
                "priority": "u=1, i",
                "sec-fetch-dest": "empty",
                "sec-fetch-mode": "cors",
                "sec-fetch-site": "cross-site",
                "user-agent": "Mozilla/5.0 (Windows NT 10.0; Win64; x64) AppleWebKit/537.36 (KHTML, like Gecko) Chrome/147.0.0.0 Safari/537.36",
                "x-forwarded-proto": "https",
                "x-real-ip": "212.199.218.246"
            },
            "cf": {
                "httpProtocol": "HTTP/3",
                "clientAcceptEncoding": "gzip, deflate, br",
                "requestPriority": "",
                "edgeRequestKeepAliveStatus": 1,
                "requestHeaderNames": {},
                "clientTcpRtt": 0,
                "clientQuicRtt": 28,
                "colo": "TLV",
                "asn": 12400,
                "asOrganization": "GOLDENLINES-NET-WAN",
                "country": "IL",
                "isEUCountry": false,
                "city": "Tel Aviv",
                "continent": "AS",
                "region": "Tel Aviv",
                "regionCode": "TA",
                "timezone": "Asia/Jerusalem",
                "longitude": "34.78057",
                "latitude": "32.08088",
                "tlsVersion": "TLSv1.3",
                "tlsCipher": "AEAD-AES128-GCM-SHA256",
                "tlsClientRandom": "eQVHoIRvx2D7QE4loGdpmOQ4RpFtB11ZtHMS4sbaMeU=",
                "tlsClientCiphersSha1": "3HTt3+R/6BL3zeALJDSq0pR1yOQ=",
                "tlsClientExtensionsSha1": "wrJDg9P9/pWQGUJ9dPrZIrD3Op4=",
                "tlsClientExtensionsSha1Le": "IyWSDHc1/fNTUfJH+1HZzDokon4=",
                "tlsClientHelloLength": "1755",
                "tlsClientAuth": {
                    "certPresented": "0",
                    "certVerified": "NONE",
                    "certRevoked": "0",
                    "certIssuerDN": "",
                    "certSubjectDN": "",
                    "certIssuerDNRFC2253": "",
                    "certSubjectDNRFC2253": "",
                    "certIssuerDNLegacy": "",
                    "certSubjectDNLegacy": "",
                    "certSerial": "",
                    "certIssuerSerial": "",
                    "certSKI": "",
                    "certIssuerSKI": "",
                    "certFingerprintSHA1": "",
                    "certFingerprintSHA256": "",
                    "certNotBefore": "",
                    "certNotAfter": "",
                    "certRFC9440": "",
                    "certRFC9440TooLarge": false,
                    "certChainRFC9440": "",
                    "certChainRFC9440TooLarge": false
                },
                "verifiedBotCategory": "",
                "edgeL4": {
                    "deliveryRate": 48168
                }
            }
        },
        "response": {
            "status": 204
        }
    }
}
{
    "wallTime": 81,
    "cpuTime": 0,
    "truncated": false,
    "executionModel": "stateless",
    "outcome": "ok",
    "scriptVersion": {
        "id": "f13a955f-0998-445c-9ffd-b254408327cf"
    },
    "scriptName": "smarta-api",
    "diagnosticsChannelEvents": [],
    "exceptions": [],
    "logs": [],
    "eventTimestamp": 1778424895034,
    "event": {
        "request": {
            "url": "https://smarta-api.smarta-api.workers.dev/api/packages",
            "method": "POST",
            "headers": {
                "accept": "*/*",
                "accept-encoding": "gzip, br",
                "accept-language": "he-IL,he;q=0.9,en-US;q=0.8,en;q=0.7",
                "authorization": "REDACTED",
                "cf-connecting-ip": "212.199.218.246",
                "cf-ipcountry": "IL",
                "cf-ray": "9f99c829ff9bd31d",
                "cf-visitor": "{\"scheme\":\"https\"}",
                "connection": "Keep-Alive",
                "content-length": "166",
                "content-type": "application/json",
                "host": "smarta-api.smarta-api.workers.dev",
                "origin": "https://caplanim1967-sudo.github.io",
                "priority": "u=1, i",
                "sec-ch-ua": "\"Google Chrome\";v=\"147\", \"Not.A/Brand\";v=\"8\", \"Chromium\";v=\"147\"",
                "sec-ch-ua-mobile": "?0",
                "sec-ch-ua-platform": "\"Windows\"",
                "sec-fetch-dest": "empty",
                "sec-fetch-mode": "cors",
                "sec-fetch-site": "cross-site",
                "user-agent": "Mozilla/5.0 (Windows NT 10.0; Win64; x64) AppleWebKit/537.36 (KHTML, like Gecko) Chrome/147.0.0.0 Safari/537.36",
                "x-forwarded-proto": "https",
                "x-real-ip": "212.199.218.246"
            },
            "cf": {
                "httpProtocol": "HTTP/3",
                "clientAcceptEncoding": "gzip, deflate, br",
                "requestPriority": "",
                "edgeRequestKeepAliveStatus": 1,
                "requestHeaderNames": {},
                "clientTcpRtt": 0,
                "clientQuicRtt": 20,
                "colo": "TLV",
                "asn": 12400,
                "asOrganization": "GOLDENLINES-NET-WAN",
                "country": "IL",
                "isEUCountry": false,
                "city": "Tel Aviv",
                "continent": "AS",
                "region": "Tel Aviv",
                "regionCode": "TA",
                "timezone": "Asia/Jerusalem",
                "longitude": "34.78057",
                "latitude": "32.08088",
                "tlsVersion": "TLSv1.3",
                "tlsCipher": "AEAD-AES128-GCM-SHA256",
                "tlsClientRandom": "eQVHoIRvx2D7QE4loGdpmOQ4RpFtB11ZtHMS4sbaMeU=",
                "tlsClientCiphersSha1": "3HTt3+R/6BL3zeALJDSq0pR1yOQ=",
                "tlsClientExtensionsSha1": "wrJDg9P9/pWQGUJ9dPrZIrD3Op4=",
                "tlsClientExtensionsSha1Le": "IyWSDHc1/fNTUfJH+1HZzDokon4=",
                "tlsClientHelloLength": "1755",
                "tlsClientAuth": {
                    "certPresented": "0",
                    "certVerified": "NONE",
                    "certRevoked": "0",
                    "certIssuerDN": "",
                    "certSubjectDN": "",
                    "certIssuerDNRFC2253": "",
                    "certSubjectDNRFC2253": "",
                    "certIssuerDNLegacy": "",
                    "certSubjectDNLegacy": "",
                    "certSerial": "",
                    "certIssuerSerial": "",
                    "certSKI": "",
                    "certIssuerSKI": "",
                    "certFingerprintSHA1": "",
                    "certFingerprintSHA256": "",
                    "certNotBefore": "",
                    "certNotAfter": "",
                    "certRFC9440": "",
                    "certRFC9440TooLarge": false,
                    "certChainRFC9440": "",
                    "certChainRFC9440TooLarge": false
                },
                "verifiedBotCategory": "",
                "edgeL4": {
                    "deliveryRate": 117132
                }
            }
        },
        "response": {
            "status": 200
        }
    }
}
{
    "wallTime": 84,
    "cpuTime": 0,
    "truncated": false,
    "executionModel": "stateless",
    "outcome": "ok",
    "scriptVersion": {
        "id": "f13a955f-0998-445c-9ffd-b254408327cf"
    },
    "scriptName": "smarta-api",
    "diagnosticsChannelEvents": [],
    "exceptions": [],
    "logs": [],
    "eventTimestamp": 1778424895036,
    "event": {
        "request": {
            "url": "https://smarta-api.smarta-api.workers.dev/api/packages?status=waiting",
            "method": "GET",
            "headers": {
                "accept": "*/*",
                "accept-encoding": "gzip, br",
                "accept-language": "he-IL,he;q=0.9,en-US;q=0.8,en;q=0.7",
                "authorization": "REDACTED",
                "cf-connecting-ip": "212.199.218.246",
                "cf-ipcountry": "IL",
                "cf-ray": "9f99c829ff9ed31d",
                "cf-visitor": "{\"scheme\":\"https\"}",
                "connection": "Keep-Alive",
                "host": "smarta-api.smarta-api.workers.dev",
                "origin": "https://caplanim1967-sudo.github.io",
                "priority": "u=1, i",
                "sec-ch-ua": "\"Google Chrome\";v=\"147\", \"Not.A/Brand\";v=\"8\", \"Chromium\";v=\"147\"",
                "sec-ch-ua-mobile": "?0",
                "sec-ch-ua-platform": "\"Windows\"",
                "sec-fetch-dest": "empty",
                "sec-fetch-mode": "cors",
                "sec-fetch-site": "cross-site",
                "user-agent": "Mozilla/5.0 (Windows NT 10.0; Win64; x64) AppleWebKit/537.36 (KHTML, like Gecko) Chrome/147.0.0.0 Safari/537.36",
                "x-forwarded-proto": "https",
                "x-real-ip": "212.199.218.246"
            },
            "cf": {
                "httpProtocol": "HTTP/3",
                "clientAcceptEncoding": "gzip, deflate, br",
                "requestPriority": "",
                "edgeRequestKeepAliveStatus": 1,
                "requestHeaderNames": {},
                "clientTcpRtt": 0,
                "clientQuicRtt": 19,
                "colo": "TLV",
                "asn": 12400,
                "asOrganization": "GOLDENLINES-NET-WAN",
                "country": "IL",
                "isEUCountry": false,
                "city": "Tel Aviv",
                "continent": "AS",
                "region": "Tel Aviv",
                "regionCode": "TA",
                "timezone": "Asia/Jerusalem",
                "longitude": "34.78057",
                "latitude": "32.08088",
                "tlsVersion": "TLSv1.3",
                "tlsCipher": "AEAD-AES128-GCM-SHA256",
                "tlsClientRandom": "eQVHoIRvx2D7QE4loGdpmOQ4RpFtB11ZtHMS4sbaMeU=",
                "tlsClientCiphersSha1": "3HTt3+R/6BL3zeALJDSq0pR1yOQ=",
                "tlsClientExtensionsSha1": "wrJDg9P9/pWQGUJ9dPrZIrD3Op4=",
                "tlsClientExtensionsSha1Le": "IyWSDHc1/fNTUfJH+1HZzDokon4=",
                "tlsClientHelloLength": "1755",
                "tlsClientAuth": {
                    "certPresented": "0",
                    "certVerified": "NONE",
                    "certRevoked": "0",
                    "certIssuerDN": "",
                    "certSubjectDN": "",
                    "certIssuerDNRFC2253": "",
                    "certSubjectDNRFC2253": "",
                    "certIssuerDNLegacy": "",
                    "certSubjectDNLegacy": "",
                    "certSerial": "",
                    "certIssuerSerial": "",
                    "certSKI": "",
                    "certIssuerSKI": "",
                    "certFingerprintSHA1": "",
                    "certFingerprintSHA256": "",
                    "certNotBefore": "",
                    "certNotAfter": "",
                    "certRFC9440": "",
                    "certRFC9440TooLarge": false,
                    "certChainRFC9440": "",
                    "certChainRFC9440TooLarge": false
                },
                "verifiedBotCategory": "",
                "edgeL4": {
                    "deliveryRate": 127613
                }
            }
        },
        "response": {
            "status": 200
        }
    }
}
{
    "wallTime": 78,
    "cpuTime": 0,
    "truncated": false,
    "executionModel": "stateless",
    "outcome": "ok",
    "scriptVersion": {
        "id": "f13a955f-0998-445c-9ffd-b254408327cf"
    },
    "scriptName": "smarta-api",
    "diagnosticsChannelEvents": [],
    "exceptions": [],
    "logs": [],
    "eventTimestamp": 1778424895036,
    "event": {
        "request": {
            "url": "https://smarta-api.smarta-api.workers.dev/api/residents",
            "method": "GET",
            "headers": {
                "accept": "*/*",
                "accept-encoding": "gzip, br",
                "accept-language": "he-IL,he;q=0.9,en-US;q=0.8,en;q=0.7",
                "authorization": "REDACTED",
                "cf-connecting-ip": "212.199.218.246",
                "cf-ipcountry": "IL",
                "cf-ray": "9f99c829ff9dd31d",
                "cf-visitor": "{\"scheme\":\"https\"}",
                "connection": "Keep-Alive",
                "host": "smarta-api.smarta-api.workers.dev",
                "origin": "https://caplanim1967-sudo.github.io",
                "priority": "u=1, i",
                "sec-ch-ua": "\"Google Chrome\";v=\"147\", \"Not.A/Brand\";v=\"8\", \"Chromium\";v=\"147\"",
                "sec-ch-ua-mobile": "?0",
                "sec-ch-ua-platform": "\"Windows\"",
                "sec-fetch-dest": "empty",
                "sec-fetch-mode": "cors",
                "sec-fetch-site": "cross-site",
                "user-agent": "Mozilla/5.0 (Windows NT 10.0; Win64; x64) AppleWebKit/537.36 (KHTML, like Gecko) Chrome/147.0.0.0 Safari/537.36",
                "x-forwarded-proto": "https",
                "x-real-ip": "212.199.218.246"
            },
            "cf": {
                "httpProtocol": "HTTP/3",
                "clientAcceptEncoding": "gzip, deflate, br",
                "requestPriority": "",
                "edgeRequestKeepAliveStatus": 1,
                "requestHeaderNames": {},
                "clientTcpRtt": 0,
                "clientQuicRtt": 19,
                "colo": "TLV",
                "asn": 12400,
                "asOrganization": "GOLDENLINES-NET-WAN",
                "country": "IL",
                "isEUCountry": false,
                "city": "Tel Aviv",
                "continent": "AS",
                "region": "Tel Aviv",
                "regionCode": "TA",
                "timezone": "Asia/Jerusalem",
                "longitude": "34.78057",
                "latitude": "32.08088",
                "tlsVersion": "TLSv1.3",
                "tlsCipher": "AEAD-AES128-GCM-SHA256",
                "tlsClientRandom": "eQVHoIRvx2D7QE4loGdpmOQ4RpFtB11ZtHMS4sbaMeU=",
                "tlsClientCiphersSha1": "3HTt3+R/6BL3zeALJDSq0pR1yOQ=",
                "tlsClientExtensionsSha1": "wrJDg9P9/pWQGUJ9dPrZIrD3Op4=",
                "tlsClientExtensionsSha1Le": "IyWSDHc1/fNTUfJH+1HZzDokon4=",
                "tlsClientHelloLength": "1755",
                "tlsClientAuth": {
                    "certPresented": "0",
                    "certVerified": "NONE",
                    "certRevoked": "0",
                    "certIssuerDN": "",
                    "certSubjectDN": "",
                    "certIssuerDNRFC2253": "",
                    "certSubjectDNRFC2253": "",
                    "certIssuerDNLegacy": "",
                    "certSubjectDNLegacy": "",
                    "certSerial": "",
                    "certIssuerSerial": "",
                    "certSKI": "",
                    "certIssuerSKI": "",
                    "certFingerprintSHA1": "",
                    "certFingerprintSHA256": "",
                    "certNotBefore": "",
                    "certNotAfter": "",
                    "certRFC9440": "",
                    "certRFC9440TooLarge": false,
                    "certChainRFC9440": "",
                    "certChainRFC9440TooLarge": false
                },
                "verifiedBotCategory": "",
                "edgeL4": {
                    "deliveryRate": 127613
                }
            }
        },
        "response": {
            "status": 200
        }
    }
}
{
    "wallTime": 221,
    "cpuTime": 1,
    "truncated": false,
    "executionModel": "stateless",
    "outcome": "ok",
    "scriptVersion": {
        "id": "f13a955f-0998-445c-9ffd-b254408327cf"
    },
    "scriptName": "smarta-api",
    "diagnosticsChannelEvents": [],
    "exceptions": [],
    "logs": [],
    "eventTimestamp": 1778424895036,
    "event": {
        "request": {
            "url": "https://smarta-api.smarta-api.workers.dev/api/cells",
            "method": "GET",
            "headers": {
                "accept": "*/*",
                "accept-encoding": "gzip, br",
                "accept-language": "he-IL,he;q=0.9,en-US;q=0.8,en;q=0.7",
                "authorization": "REDACTED",
                "cf-connecting-ip": "212.199.218.246",
                "cf-ipcountry": "IL",
                "cf-ray": "9f99c829ff9fd31d",
                "cf-visitor": "{\"scheme\":\"https\"}",
                "connection": "Keep-Alive",
                "host": "smarta-api.smarta-api.workers.dev",
                "origin": "https://caplanim1967-sudo.github.io",
                "priority": "u=1, i",
                "sec-ch-ua": "\"Google Chrome\";v=\"147\", \"Not.A/Brand\";v=\"8\", \"Chromium\";v=\"147\"",
                "sec-ch-ua-mobile": "?0",
                "sec-ch-ua-platform": "\"Windows\"",
                "sec-fetch-dest": "empty",
                "sec-fetch-mode": "cors",
                "sec-fetch-site": "cross-site",
                "user-agent": "Mozilla/5.0 (Windows NT 10.0; Win64; x64) AppleWebKit/537.36 (KHTML, like Gecko) Chrome/147.0.0.0 Safari/537.36",
                "x-forwarded-proto": "https",
                "x-real-ip": "212.199.218.246"
            },
            "cf": {
                "httpProtocol": "HTTP/3",
                "clientAcceptEncoding": "gzip, deflate, br",
                "requestPriority": "",
                "edgeRequestKeepAliveStatus": 1,
                "requestHeaderNames": {},
                "clientTcpRtt": 0,
                "clientQuicRtt": 19,
                "colo": "TLV",
                "asn": 12400,
                "asOrganization": "GOLDENLINES-NET-WAN",
                "country": "IL",
                "isEUCountry": false,
                "city": "Tel Aviv",
                "continent": "AS",
                "region": "Tel Aviv",
                "regionCode": "TA",
                "timezone": "Asia/Jerusalem",
                "longitude": "34.78057",
                "latitude": "32.08088",
                "tlsVersion": "TLSv1.3",
                "tlsCipher": "AEAD-AES128-GCM-SHA256",
                "tlsClientRandom": "eQVHoIRvx2D7QE4loGdpmOQ4RpFtB11ZtHMS4sbaMeU=",
                "tlsClientCiphersSha1": "3HTt3+R/6BL3zeALJDSq0pR1yOQ=",
                "tlsClientExtensionsSha1": "wrJDg9P9/pWQGUJ9dPrZIrD3Op4=",
                "tlsClientExtensionsSha1Le": "IyWSDHc1/fNTUfJH+1HZzDokon4=",
                "tlsClientHelloLength": "1755",
                "tlsClientAuth": {
                    "certPresented": "0",
                    "certVerified": "NONE",
                    "certRevoked": "0",
                    "certIssuerDN": "",
                    "certSubjectDN": "",
                    "certIssuerDNRFC2253": "",
                    "certSubjectDNRFC2253": "",
                    "certIssuerDNLegacy": "",
                    "certSubjectDNLegacy": "",
                    "certSerial": "",
                    "certIssuerSerial": "",
                    "certSKI": "",
                    "certIssuerSKI": "",
                    "certFingerprintSHA1": "",
                    "certFingerprintSHA256": "",
                    "certNotBefore": "",
                    "certNotAfter": "",
                    "certRFC9440": "",
                    "certRFC9440TooLarge": false,
                    "certChainRFC9440": "",
                    "certChainRFC9440TooLarge": false
                },
                "verifiedBotCategory": "",
                "edgeL4": {
                    "deliveryRate": 127613
                }
            }
        },
        "response": {
            "status": 200
        }
    }
}
{
    "wallTime": 0,
    "cpuTime": 0,
    "truncated": false,
    "executionModel": "stateless",
    "outcome": "ok",
    "scriptVersion": {
        "id": "f13a955f-0998-445c-9ffd-b254408327cf"
    },
    "scriptName": "smarta-api",
    "diagnosticsChannelEvents": [],
    "exceptions": [],
    "logs": [],
    "eventTimestamp": 1778424916600,
    "event": {
        "request": {
            "url": "https://smarta-api.smarta-api.workers.dev/api/residents",
            "method": "OPTIONS",
            "headers": {
                "accept": "*/*",
                "accept-encoding": "gzip, br",
                "accept-language": "he-IL,he;q=0.9,en-US;q=0.8,en;q=0.7",
                "access-control-request-headers": "authorization",
                "access-control-request-method": "GET",
                "cf-connecting-ip": "212.199.218.246",
                "cf-ipcountry": "IL",
                "cf-ray": "9f99c8b0baead31d",
                "cf-visitor": "{\"scheme\":\"https\"}",
                "connection": "Keep-Alive",
                "host": "smarta-api.smarta-api.workers.dev",
                "origin": "https://caplanim1967-sudo.github.io",
                "priority": "u=1, i",
                "sec-fetch-dest": "empty",
                "sec-fetch-mode": "cors",
                "sec-fetch-site": "cross-site",
                "user-agent": "Mozilla/5.0 (Windows NT 10.0; Win64; x64) AppleWebKit/537.36 (KHTML, like Gecko) Chrome/147.0.0.0 Safari/537.36",
                "x-forwarded-proto": "https",
                "x-real-ip": "212.199.218.246"
            },
            "cf": {
                "httpProtocol": "HTTP/3",
                "clientAcceptEncoding": "gzip, deflate, br",
                "requestPriority": "",
                "edgeRequestKeepAliveStatus": 1,
                "requestHeaderNames": {},
                "clientTcpRtt": 0,
                "clientQuicRtt": 19,
                "colo": "TLV",
                "asn": 12400,
                "asOrganization": "GOLDENLINES-NET-WAN",
                "country": "IL",
                "isEUCountry": false,
                "city": "Tel Aviv",
                "continent": "AS",
                "region": "Tel Aviv",
                "regionCode": "TA",
                "timezone": "Asia/Jerusalem",
                "longitude": "34.78057",
                "latitude": "32.08088",
                "tlsVersion": "TLSv1.3",
                "tlsCipher": "AEAD-AES128-GCM-SHA256",
                "tlsClientRandom": "eQVHoIRvx2D7QE4loGdpmOQ4RpFtB11ZtHMS4sbaMeU=",
                "tlsClientCiphersSha1": "3HTt3+R/6BL3zeALJDSq0pR1yOQ=",
                "tlsClientExtensionsSha1": "wrJDg9P9/pWQGUJ9dPrZIrD3Op4=",
                "tlsClientExtensionsSha1Le": "IyWSDHc1/fNTUfJH+1HZzDokon4=",
                "tlsClientHelloLength": "1755",
                "tlsClientAuth": {
                    "certPresented": "0",
                    "certVerified": "NONE",
                    "certRevoked": "0",
                    "certIssuerDN": "",
                    "certSubjectDN": "",
                    "certIssuerDNRFC2253": "",
                    "certSubjectDNRFC2253": "",
                    "certIssuerDNLegacy": "",
                    "certSubjectDNLegacy": "",
                    "certSerial": "",
                    "certIssuerSerial": "",
                    "certSKI": "",
                    "certIssuerSKI": "",
                    "certFingerprintSHA1": "",
                    "certFingerprintSHA256": "",
                    "certNotBefore": "",
                    "certNotAfter": "",
                    "certRFC9440": "",
                    "certRFC9440TooLarge": false,
                    "certChainRFC9440": "",
                    "certChainRFC9440TooLarge": false
                },
                "verifiedBotCategory": "",
                "edgeL4": {
                    "deliveryRate": 127613
                }
            }
        },
        "response": {
            "status": 204
        }
    }
}
{
    "wallTime": 0,
    "cpuTime": 0,
    "truncated": false,
    "executionModel": "stateless",
    "outcome": "ok",
    "scriptVersion": {
        "id": "f13a955f-0998-445c-9ffd-b254408327cf"
    },
    "scriptName": "smarta-api",
    "diagnosticsChannelEvents": [],
    "exceptions": [],
    "logs": [],
    "eventTimestamp": 1778424916601,
    "event": {
        "request": {
            "url": "https://smarta-api.smarta-api.workers.dev/api/cells",
            "method": "OPTIONS",
            "headers": {
                "accept": "*/*",
                "accept-encoding": "gzip, br",
                "accept-language": "he-IL,he;q=0.9,en-US;q=0.8,en;q=0.7",
                "access-control-request-headers": "authorization",
                "access-control-request-method": "GET",
                "cf-connecting-ip": "212.199.218.246",
                "cf-ipcountry": "IL",
                "cf-ray": "9f99c8b0baedd31d",
                "cf-visitor": "{\"scheme\":\"https\"}",
                "connection": "Keep-Alive",
                "host": "smarta-api.smarta-api.workers.dev",
                "origin": "https://caplanim1967-sudo.github.io",
                "priority": "u=1, i",
                "sec-fetch-dest": "empty",
                "sec-fetch-mode": "cors",
                "sec-fetch-site": "cross-site",
                "user-agent": "Mozilla/5.0 (Windows NT 10.0; Win64; x64) AppleWebKit/537.36 (KHTML, like Gecko) Chrome/147.0.0.0 Safari/537.36",
                "x-forwarded-proto": "https",
                "x-real-ip": "212.199.218.246"
            },
            "cf": {
                "httpProtocol": "HTTP/3",
                "clientAcceptEncoding": "gzip, deflate, br",
                "requestPriority": "",
                "edgeRequestKeepAliveStatus": 1,
                "requestHeaderNames": {},
                "clientTcpRtt": 0,
                "clientQuicRtt": 19,
                "colo": "TLV",
                "asn": 12400,
                "asOrganization": "GOLDENLINES-NET-WAN",
                "country": "IL",
                "isEUCountry": false,
                "city": "Tel Aviv",
                "continent": "AS",
                "region": "Tel Aviv",
                "regionCode": "TA",
                "timezone": "Asia/Jerusalem",
                "longitude": "34.78057",
                "latitude": "32.08088",
                "tlsVersion": "TLSv1.3",
                "tlsCipher": "AEAD-AES128-GCM-SHA256",
                "tlsClientRandom": "eQVHoIRvx2D7QE4loGdpmOQ4RpFtB11ZtHMS4sbaMeU=",
                "tlsClientCiphersSha1": "3HTt3+R/6BL3zeALJDSq0pR1yOQ=",
                "tlsClientExtensionsSha1": "wrJDg9P9/pWQGUJ9dPrZIrD3Op4=",
                "tlsClientExtensionsSha1Le": "IyWSDHc1/fNTUfJH+1HZzDokon4=",
                "tlsClientHelloLength": "1755",
                "tlsClientAuth": {
                    "certPresented": "0",
                    "certVerified": "NONE",
                    "certRevoked": "0",
                    "certIssuerDN": "",
                    "certSubjectDN": "",
                    "certIssuerDNRFC2253": "",
                    "certSubjectDNRFC2253": "",
                    "certIssuerDNLegacy": "",
                    "certSubjectDNLegacy": "",
                    "certSerial": "",
                    "certIssuerSerial": "",
                    "certSKI": "",
                    "certIssuerSKI": "",
                    "certFingerprintSHA1": "",
                    "certFingerprintSHA256": "",
                    "certNotBefore": "",
                    "certNotAfter": "",
                    "certRFC9440": "",
                    "certRFC9440TooLarge": false,
                    "certChainRFC9440": "",
                    "certChainRFC9440TooLarge": false
                },
                "verifiedBotCategory": "",
                "edgeL4": {
                    "deliveryRate": 127613
                }
            }
        },
        "response": {
            "status": 204
        }
    }
}
{
    "wallTime": 0,
    "cpuTime": 0,
    "truncated": false,
    "executionModel": "stateless",
    "outcome": "ok",
    "scriptVersion": {
        "id": "f13a955f-0998-445c-9ffd-b254408327cf"
    },
    "scriptName": "smarta-api",
    "diagnosticsChannelEvents": [],
    "exceptions": [],
    "logs": [],
    "eventTimestamp": 1778424916600,
    "event": {
        "request": {
            "url": "https://smarta-api.smarta-api.workers.dev/api/packages?status=waiting",
            "method": "OPTIONS",
            "headers": {
                "accept": "*/*",
                "accept-encoding": "gzip, br",
                "accept-language": "he-IL,he;q=0.9,en-US;q=0.8,en;q=0.7",
                "access-control-request-headers": "authorization",
                "access-control-request-method": "GET",
                "cf-connecting-ip": "212.199.218.246",
                "cf-ipcountry": "IL",
                "cf-ray": "9f99c8b0baebd31d",
                "cf-visitor": "{\"scheme\":\"https\"}",
                "connection": "Keep-Alive",
                "host": "smarta-api.smarta-api.workers.dev",
                "origin": "https://caplanim1967-sudo.github.io",
                "priority": "u=1, i",
                "sec-fetch-dest": "empty",
                "sec-fetch-mode": "cors",
                "sec-fetch-site": "cross-site",
                "user-agent": "Mozilla/5.0 (Windows NT 10.0; Win64; x64) AppleWebKit/537.36 (KHTML, like Gecko) Chrome/147.0.0.0 Safari/537.36",
                "x-forwarded-proto": "https",
                "x-real-ip": "212.199.218.246"
            },
            "cf": {
                "httpProtocol": "HTTP/3",
                "clientAcceptEncoding": "gzip, deflate, br",
                "requestPriority": "",
                "edgeRequestKeepAliveStatus": 1,
                "requestHeaderNames": {},
                "clientTcpRtt": 0,
                "clientQuicRtt": 19,
                "colo": "TLV",
                "asn": 12400,
                "asOrganization": "GOLDENLINES-NET-WAN",
                "country": "IL",
                "isEUCountry": false,
                "city": "Tel Aviv",
                "continent": "AS",
                "region": "Tel Aviv",
                "regionCode": "TA",
                "timezone": "Asia/Jerusalem",
                "longitude": "34.78057",
                "latitude": "32.08088",
                "tlsVersion": "TLSv1.3",
                "tlsCipher": "AEAD-AES128-GCM-SHA256",
                "tlsClientRandom": "eQVHoIRvx2D7QE4loGdpmOQ4RpFtB11ZtHMS4sbaMeU=",
                "tlsClientCiphersSha1": "3HTt3+R/6BL3zeALJDSq0pR1yOQ=",
                "tlsClientExtensionsSha1": "wrJDg9P9/pWQGUJ9dPrZIrD3Op4=",
                "tlsClientExtensionsSha1Le": "IyWSDHc1/fNTUfJH+1HZzDokon4=",
                "tlsClientHelloLength": "1755",
                "tlsClientAuth": {
                    "certPresented": "0",
                    "certVerified": "NONE",
                    "certRevoked": "0",
                    "certIssuerDN": "",
                    "certSubjectDN": "",
                    "certIssuerDNRFC2253": "",
                    "certSubjectDNRFC2253": "",
                    "certIssuerDNLegacy": "",
                    "certSubjectDNLegacy": "",
                    "certSerial": "",
                    "certIssuerSerial": "",
                    "certSKI": "",
                    "certIssuerSKI": "",
                    "certFingerprintSHA1": "",
                    "certFingerprintSHA256": "",
                    "certNotBefore": "",
                    "certNotAfter": "",
                    "certRFC9440": "",
                    "certRFC9440TooLarge": false,
                    "certChainRFC9440": "",
                    "certChainRFC9440TooLarge": false
                },
                "verifiedBotCategory": "",
                "edgeL4": {
                    "deliveryRate": 127613
                }
            }
        },
        "response": {
            "status": 204
        }
    }
}
{
    "wallTime": 0,
    "cpuTime": 0,
    "truncated": false,
    "executionModel": "stateless",
    "outcome": "ok",
    "scriptVersion": {
        "id": "f13a955f-0998-445c-9ffd-b254408327cf"
    },
    "scriptName": "smarta-api",
    "diagnosticsChannelEvents": [],
    "exceptions": [],
    "logs": [],
    "eventTimestamp": 1778424916601,
    "event": {
        "request": {
            "url": "https://smarta-api.smarta-api.workers.dev/api/packages",
            "method": "OPTIONS",
            "headers": {
                "accept": "*/*",
                "accept-encoding": "gzip, br",
                "accept-language": "he-IL,he;q=0.9,en-US;q=0.8,en;q=0.7",
                "access-control-request-headers": "authorization,content-type",
                "access-control-request-method": "POST",
                "cf-connecting-ip": "212.199.218.246",
                "cf-ipcountry": "IL",
                "cf-ray": "9f99c8b0baeed31d",
                "cf-visitor": "{\"scheme\":\"https\"}",
                "connection": "Keep-Alive",
                "host": "smarta-api.smarta-api.workers.dev",
                "origin": "https://caplanim1967-sudo.github.io",
                "priority": "u=1, i",
                "sec-fetch-dest": "empty",
                "sec-fetch-mode": "cors",
                "sec-fetch-site": "cross-site",
                "user-agent": "Mozilla/5.0 (Windows NT 10.0; Win64; x64) AppleWebKit/537.36 (KHTML, like Gecko) Chrome/147.0.0.0 Safari/537.36",
                "x-forwarded-proto": "https",
                "x-real-ip": "212.199.218.246"
            },
            "cf": {
                "httpProtocol": "HTTP/3",
                "clientAcceptEncoding": "gzip, deflate, br",
                "requestPriority": "",
                "edgeRequestKeepAliveStatus": 1,
                "requestHeaderNames": {},
                "clientTcpRtt": 0,
                "clientQuicRtt": 19,
                "colo": "TLV",
                "asn": 12400,
                "asOrganization": "GOLDENLINES-NET-WAN",
                "country": "IL",
                "isEUCountry": false,
                "city": "Tel Aviv",
                "continent": "AS",
                "region": "Tel Aviv",
                "regionCode": "TA",
                "timezone": "Asia/Jerusalem",
                "longitude": "34.78057",
                "latitude": "32.08088",
                "tlsVersion": "TLSv1.3",
                "tlsCipher": "AEAD-AES128-GCM-SHA256",
                "tlsClientRandom": "eQVHoIRvx2D7QE4loGdpmOQ4RpFtB11ZtHMS4sbaMeU=",
                "tlsClientCiphersSha1": "3HTt3+R/6BL3zeALJDSq0pR1yOQ=",
                "tlsClientExtensionsSha1": "wrJDg9P9/pWQGUJ9dPrZIrD3Op4=",
                "tlsClientExtensionsSha1Le": "IyWSDHc1/fNTUfJH+1HZzDokon4=",
                "tlsClientHelloLength": "1755",
                "tlsClientAuth": {
                    "certPresented": "0",
                    "certVerified": "NONE",
                    "certRevoked": "0",
                    "certIssuerDN": "",
                    "certSubjectDN": "",
                    "certIssuerDNRFC2253": "",
                    "certSubjectDNRFC2253": "",
                    "certIssuerDNLegacy": "",
                    "certSubjectDNLegacy": "",
                    "certSerial": "",
                    "certIssuerSerial": "",
                    "certSKI": "",
                    "certIssuerSKI": "",
                    "certFingerprintSHA1": "",
                    "certFingerprintSHA256": "",
                    "certNotBefore": "",
                    "certNotAfter": "",
                    "certRFC9440": "",
                    "certRFC9440TooLarge": false,
                    "certChainRFC9440": "",
                    "certChainRFC9440TooLarge": false
                },
                "verifiedBotCategory": "",
                "edgeL4": {
                    "deliveryRate": 127613
                }
            }
        },
        "response": {
            "status": 204
        }
    }
}
{
    "wallTime": 73,
    "cpuTime": 0,
    "truncated": false,
    "executionModel": "stateless",
    "outcome": "ok",
    "scriptVersion": {
        "id": "f13a955f-0998-445c-9ffd-b254408327cf"
    },
    "scriptName": "smarta-api",
    "diagnosticsChannelEvents": [],
    "exceptions": [],
    "logs": [],
    "eventTimestamp": 1778424916628,
    "event": {
        "request": {
            "url": "https://smarta-api.smarta-api.workers.dev/api/residents",
            "method": "GET",
            "headers": {
                "accept": "*/*",
                "accept-encoding": "gzip, br",
                "accept-language": "he-IL,he;q=0.9,en-US;q=0.8,en;q=0.7",
                "authorization": "REDACTED",
                "cf-connecting-ip": "212.199.218.246",
                "cf-ipcountry": "IL",
                "cf-ray": "9f99c8b0eaf7d31d",
                "cf-visitor": "{\"scheme\":\"https\"}",
                "connection": "Keep-Alive",
                "host": "smarta-api.smarta-api.workers.dev",
                "origin": "https://caplanim1967-sudo.github.io",
                "priority": "u=1, i",
                "sec-ch-ua": "\"Google Chrome\";v=\"147\", \"Not.A/Brand\";v=\"8\", \"Chromium\";v=\"147\"",
                "sec-ch-ua-mobile": "?0",
                "sec-ch-ua-platform": "\"Windows\"",
                "sec-fetch-dest": "empty",
                "sec-fetch-mode": "cors",
                "sec-fetch-site": "cross-site",
                "user-agent": "Mozilla/5.0 (Windows NT 10.0; Win64; x64) AppleWebKit/537.36 (KHTML, like Gecko) Chrome/147.0.0.0 Safari/537.36",
                "x-forwarded-proto": "https",
                "x-real-ip": "212.199.218.246"
            },
            "cf": {
                "httpProtocol": "HTTP/3",
                "clientAcceptEncoding": "gzip, deflate, br",
                "requestPriority": "",
                "edgeRequestKeepAliveStatus": 1,
                "requestHeaderNames": {},
                "clientTcpRtt": 0,
                "clientQuicRtt": 17,
                "colo": "TLV",
                "asn": 12400,
                "asOrganization": "GOLDENLINES-NET-WAN",
                "country": "IL",
                "isEUCountry": false,
                "city": "Tel Aviv",
                "continent": "AS",
                "region": "Tel Aviv",
                "regionCode": "TA",
                "timezone": "Asia/Jerusalem",
                "longitude": "34.78057",
                "latitude": "32.08088",
                "tlsVersion": "TLSv1.3",
                "tlsCipher": "AEAD-AES128-GCM-SHA256",
                "tlsClientRandom": "eQVHoIRvx2D7QE4loGdpmOQ4RpFtB11ZtHMS4sbaMeU=",
                "tlsClientCiphersSha1": "3HTt3+R/6BL3zeALJDSq0pR1yOQ=",
                "tlsClientExtensionsSha1": "wrJDg9P9/pWQGUJ9dPrZIrD3Op4=",
                "tlsClientExtensionsSha1Le": "IyWSDHc1/fNTUfJH+1HZzDokon4=",
                "tlsClientHelloLength": "1755",
                "tlsClientAuth": {
                    "certPresented": "0",
                    "certVerified": "NONE",
                    "certRevoked": "0",
                    "certIssuerDN": "",
                    "certSubjectDN": "",
                    "certIssuerDNRFC2253": "",
                    "certSubjectDNRFC2253": "",
                    "certIssuerDNLegacy": "",
                    "certSubjectDNLegacy": "",
                    "certSerial": "",
                    "certIssuerSerial": "",
                    "certSKI": "",
                    "certIssuerSKI": "",
                    "certFingerprintSHA1": "",
                    "certFingerprintSHA256": "",
                    "certNotBefore": "",
                    "certNotAfter": "",
                    "certRFC9440": "",
                    "certRFC9440TooLarge": false,
                    "certChainRFC9440": "",
                    "certChainRFC9440TooLarge": false
                },
                "verifiedBotCategory": "",
                "edgeL4": {
                    "deliveryRate": 147851
                }
            }
        },
        "response": {
            "status": 200
        }
    }
}
{
    "wallTime": 75,
    "cpuTime": 0,
    "truncated": false,
    "executionModel": "stateless",
    "outcome": "ok",
    "scriptVersion": {
        "id": "f13a955f-0998-445c-9ffd-b254408327cf"
    },
    "scriptName": "smarta-api",
    "diagnosticsChannelEvents": [],
    "exceptions": [],
    "logs": [],
    "eventTimestamp": 1778424916628,
    "event": {
        "request": {
            "url": "https://smarta-api.smarta-api.workers.dev/api/packages?status=waiting",
            "method": "GET",
            "headers": {
                "accept": "*/*",
                "accept-encoding": "gzip, br",
                "accept-language": "he-IL,he;q=0.9,en-US;q=0.8,en;q=0.7",
                "authorization": "REDACTED",
                "cf-connecting-ip": "212.199.218.246",
                "cf-ipcountry": "IL",
                "cf-ray": "9f99c8b0eaf8d31d",
                "cf-visitor": "{\"scheme\":\"https\"}",
                "connection": "Keep-Alive",
                "host": "smarta-api.smarta-api.workers.dev",
                "origin": "https://caplanim1967-sudo.github.io",
                "priority": "u=1, i",
                "sec-ch-ua": "\"Google Chrome\";v=\"147\", \"Not.A/Brand\";v=\"8\", \"Chromium\";v=\"147\"",
                "sec-ch-ua-mobile": "?0",
                "sec-ch-ua-platform": "\"Windows\"",
                "sec-fetch-dest": "empty",
                "sec-fetch-mode": "cors",
                "sec-fetch-site": "cross-site",
                "user-agent": "Mozilla/5.0 (Windows NT 10.0; Win64; x64) AppleWebKit/537.36 (KHTML, like Gecko) Chrome/147.0.0.0 Safari/537.36",
                "x-forwarded-proto": "https",
                "x-real-ip": "212.199.218.246"
            },
            "cf": {
                "httpProtocol": "HTTP/3",
                "clientAcceptEncoding": "gzip, deflate, br",
                "requestPriority": "",
                "edgeRequestKeepAliveStatus": 1,
                "requestHeaderNames": {},
                "clientTcpRtt": 0,
                "clientQuicRtt": 17,
                "colo": "TLV",
                "asn": 12400,
                "asOrganization": "GOLDENLINES-NET-WAN",
                "country": "IL",
                "isEUCountry": false,
                "city": "Tel Aviv",
                "continent": "AS",
                "region": "Tel Aviv",
                "regionCode": "TA",
                "timezone": "Asia/Jerusalem",
                "longitude": "34.78057",
                "latitude": "32.08088",
                "tlsVersion": "TLSv1.3",
                "tlsCipher": "AEAD-AES128-GCM-SHA256",
                "tlsClientRandom": "eQVHoIRvx2D7QE4loGdpmOQ4RpFtB11ZtHMS4sbaMeU=",
                "tlsClientCiphersSha1": "3HTt3+R/6BL3zeALJDSq0pR1yOQ=",
                "tlsClientExtensionsSha1": "wrJDg9P9/pWQGUJ9dPrZIrD3Op4=",
                "tlsClientExtensionsSha1Le": "IyWSDHc1/fNTUfJH+1HZzDokon4=",
                "tlsClientHelloLength": "1755",
                "tlsClientAuth": {
                    "certPresented": "0",
                    "certVerified": "NONE",
                    "certRevoked": "0",
                    "certIssuerDN": "",
                    "certSubjectDN": "",
                    "certIssuerDNRFC2253": "",
                    "certSubjectDNRFC2253": "",
                    "certIssuerDNLegacy": "",
                    "certSubjectDNLegacy": "",
                    "certSerial": "",
                    "certIssuerSerial": "",
                    "certSKI": "",
                    "certIssuerSKI": "",
                    "certFingerprintSHA1": "",
                    "certFingerprintSHA256": "",
                    "certNotBefore": "",
                    "certNotAfter": "",
                    "certRFC9440": "",
                    "certRFC9440TooLarge": false,
                    "certChainRFC9440": "",
                    "certChainRFC9440TooLarge": false
                },
                "verifiedBotCategory": "",
                "edgeL4": {
                    "deliveryRate": 147851
                }
            }
        },
        "response": {
            "status": 200
        }
    }
}
{
    "wallTime": 81,
    "cpuTime": 0,
    "truncated": false,
    "executionModel": "stateless",
    "outcome": "ok",
    "scriptVersion": {
        "id": "f13a955f-0998-445c-9ffd-b254408327cf"
    },
    "scriptName": "smarta-api",
    "diagnosticsChannelEvents": [],
    "exceptions": [],
    "logs": [],
    "eventTimestamp": 1778424916633,
    "event": {
        "request": {
            "url": "https://smarta-api.smarta-api.workers.dev/api/packages",
            "method": "POST",
            "headers": {
                "accept": "*/*",
                "accept-encoding": "gzip, br",
                "accept-language": "he-IL,he;q=0.9,en-US;q=0.8,en;q=0.7",
                "authorization": "REDACTED",
                "cf-connecting-ip": "212.199.218.246",
                "cf-ipcountry": "IL",
                "cf-ray": "9f99c8b0faf9d31d",
                "cf-visitor": "{\"scheme\":\"https\"}",
                "connection": "Keep-Alive",
                "content-length": "148",
                "content-type": "application/json",
                "host": "smarta-api.smarta-api.workers.dev",
                "origin": "https://caplanim1967-sudo.github.io",
                "priority": "u=1, i",
                "sec-ch-ua": "\"Google Chrome\";v=\"147\", \"Not.A/Brand\";v=\"8\", \"Chromium\";v=\"147\"",
                "sec-ch-ua-mobile": "?0",
                "sec-ch-ua-platform": "\"Windows\"",
                "sec-fetch-dest": "empty",
                "sec-fetch-mode": "cors",
                "sec-fetch-site": "cross-site",
                "user-agent": "Mozilla/5.0 (Windows NT 10.0; Win64; x64) AppleWebKit/537.36 (KHTML, like Gecko) Chrome/147.0.0.0 Safari/537.36",
                "x-forwarded-proto": "https",
                "x-real-ip": "212.199.218.246"
            },
            "cf": {
                "httpProtocol": "HTTP/3",
                "clientAcceptEncoding": "gzip, deflate, br",
                "requestPriority": "",
                "edgeRequestKeepAliveStatus": 1,
                "requestHeaderNames": {},
                "clientTcpRtt": 0,
                "clientQuicRtt": 17,
                "colo": "TLV",
                "asn": 12400,
                "asOrganization": "GOLDENLINES-NET-WAN",
                "country": "IL",
                "isEUCountry": false,
                "city": "Tel Aviv",
                "continent": "AS",
                "region": "Tel Aviv",
                "regionCode": "TA",
                "timezone": "Asia/Jerusalem",
                "longitude": "34.78057",
                "latitude": "32.08088",
                "tlsVersion": "TLSv1.3",
                "tlsCipher": "AEAD-AES128-GCM-SHA256",
                "tlsClientRandom": "eQVHoIRvx2D7QE4loGdpmOQ4RpFtB11ZtHMS4sbaMeU=",
                "tlsClientCiphersSha1": "3HTt3+R/6BL3zeALJDSq0pR1yOQ=",
                "tlsClientExtensionsSha1": "wrJDg9P9/pWQGUJ9dPrZIrD3Op4=",
                "tlsClientExtensionsSha1Le": "IyWSDHc1/fNTUfJH+1HZzDokon4=",
                "tlsClientHelloLength": "1755",
                "tlsClientAuth": {
                    "certPresented": "0",
                    "certVerified": "NONE",
                    "certRevoked": "0",
                    "certIssuerDN": "",
                    "certSubjectDN": "",
                    "certIssuerDNRFC2253": "",
                    "certSubjectDNRFC2253": "",
                    "certIssuerDNLegacy": "",
                    "certSubjectDNLegacy": "",
                    "certSerial": "",
                    "certIssuerSerial": "",
                    "certSKI": "",
                    "certIssuerSKI": "",
                    "certFingerprintSHA1": "",
                    "certFingerprintSHA256": "",
                    "certNotBefore": "",
                    "certNotAfter": "",
                    "certRFC9440": "",
                    "certRFC9440TooLarge": false,
                    "certChainRFC9440": "",
                    "certChainRFC9440TooLarge": false
                },
                "verifiedBotCategory": "",
                "edgeL4": {
                    "deliveryRate": 147851
                }
            }
        },
        "response": {
            "status": 200
        }
    }
}
{
    "wallTime": 212,
    "cpuTime": 0,
    "truncated": false,
    "executionModel": "stateless",
    "outcome": "ok",
    "scriptVersion": {
        "id": "f13a955f-0998-445c-9ffd-b254408327cf"
    },
    "scriptName": "smarta-api",
    "diagnosticsChannelEvents": [],
    "exceptions": [],
    "logs": [],
    "eventTimestamp": 1778424916633,
    "event": {
        "request": {
            "url": "https://smarta-api.smarta-api.workers.dev/api/cells",
            "method": "GET",
            "headers": {
                "accept": "*/*",
                "accept-encoding": "gzip, br",
                "accept-language": "he-IL,he;q=0.9,en-US;q=0.8,en;q=0.7",
                "authorization": "REDACTED",
                "cf-connecting-ip": "212.199.218.246",
                "cf-ipcountry": "IL",
                "cf-ray": "9f99c8b0fafad31d",
                "cf-visitor": "{\"scheme\":\"https\"}",
                "connection": "Keep-Alive",
                "host": "smarta-api.smarta-api.workers.dev",
                "origin": "https://caplanim1967-sudo.github.io",
                "priority": "u=1, i",
                "sec-ch-ua": "\"Google Chrome\";v=\"147\", \"Not.A/Brand\";v=\"8\", \"Chromium\";v=\"147\"",
                "sec-ch-ua-mobile": "?0",
                "sec-ch-ua-platform": "\"Windows\"",
                "sec-fetch-dest": "empty",
                "sec-fetch-mode": "cors",
                "sec-fetch-site": "cross-site",
                "user-agent": "Mozilla/5.0 (Windows NT 10.0; Win64; x64) AppleWebKit/537.36 (KHTML, like Gecko) Chrome/147.0.0.0 Safari/537.36",
                "x-forwarded-proto": "https",
                "x-real-ip": "212.199.218.246"
            },
            "cf": {
                "httpProtocol": "HTTP/3",
                "clientAcceptEncoding": "gzip, deflate, br",
                "requestPriority": "",
                "edgeRequestKeepAliveStatus": 1,
                "requestHeaderNames": {},
                "clientTcpRtt": 0,
                "clientQuicRtt": 17,
                "colo": "TLV",
                "asn": 12400,
                "asOrganization": "GOLDENLINES-NET-WAN",
                "country": "IL",
                "isEUCountry": false,
                "city": "Tel Aviv",
                "continent": "AS",
                "region": "Tel Aviv",
                "regionCode": "TA",
                "timezone": "Asia/Jerusalem",
                "longitude": "34.78057",
                "latitude": "32.08088",
                "tlsVersion": "TLSv1.3",
                "tlsCipher": "AEAD-AES128-GCM-SHA256",
                "tlsClientRandom": "eQVHoIRvx2D7QE4loGdpmOQ4RpFtB11ZtHMS4sbaMeU=",
                "tlsClientCiphersSha1": "3HTt3+R/6BL3zeALJDSq0pR1yOQ=",
                "tlsClientExtensionsSha1": "wrJDg9P9/pWQGUJ9dPrZIrD3Op4=",
                "tlsClientExtensionsSha1Le": "IyWSDHc1/fNTUfJH+1HZzDokon4=",
                "tlsClientHelloLength": "1755",
                "tlsClientAuth": {
                    "certPresented": "0",
                    "certVerified": "NONE",
                    "certRevoked": "0",
                    "certIssuerDN": "",
                    "certSubjectDN": "",
                    "certIssuerDNRFC2253": "",
                    "certSubjectDNRFC2253": "",
                    "certIssuerDNLegacy": "",
                    "certSubjectDNLegacy": "",
                    "certSerial": "",
                    "certIssuerSerial": "",
                    "certSKI": "",
                    "certIssuerSKI": "",
                    "certFingerprintSHA1": "",
                    "certFingerprintSHA256": "",
                    "certNotBefore": "",
                    "certNotAfter": "",
                    "certRFC9440": "",
                    "certRFC9440TooLarge": false,
                    "certChainRFC9440": "",
                    "certChainRFC9440TooLarge": false
                },
                "verifiedBotCategory": "",
                "edgeL4": {
                    "deliveryRate": 147851
                }
            }
        },
        "response": {
            "status": 200
        }
    }
}
{
    "wallTime": 0,
    "cpuTime": 0,
    "truncated": false,
    "executionModel": "stateless",
    "outcome": "ok",
    "scriptVersion": {
        "id": "f13a955f-0998-445c-9ffd-b254408327cf"
    },
    "scriptName": "smarta-api",
    "diagnosticsChannelEvents": [],
    "exceptions": [],
    "logs": [],
    "eventTimestamp": 1778424922411,
    "event": {
        "request": {
            "url": "https://smarta-api.smarta-api.workers.dev/api/messages/send",
            "method": "OPTIONS",
            "headers": {
                "accept": "*/*",
                "accept-encoding": "gzip, br",
                "accept-language": "he-IL,he;q=0.9,en-US;q=0.8,en;q=0.7",
                "access-control-request-headers": "authorization,content-type",
                "access-control-request-method": "POST",
                "cf-connecting-ip": "212.199.218.246",
                "cf-ipcountry": "IL",
                "cf-ray": "9f99c8d50906d31d",
                "cf-visitor": "{\"scheme\":\"https\"}",
                "connection": "Keep-Alive",
                "host": "smarta-api.smarta-api.workers.dev",
                "origin": "https://caplanim1967-sudo.github.io",
                "priority": "u=1, i",
                "sec-fetch-dest": "empty",
                "sec-fetch-mode": "cors",
                "sec-fetch-site": "cross-site",
                "user-agent": "Mozilla/5.0 (Windows NT 10.0; Win64; x64) AppleWebKit/537.36 (KHTML, like Gecko) Chrome/147.0.0.0 Safari/537.36",
                "x-forwarded-proto": "https",
                "x-real-ip": "212.199.218.246"
            },
            "cf": {
                "httpProtocol": "HTTP/3",
                "clientAcceptEncoding": "gzip, deflate, br",
                "requestPriority": "",
                "edgeRequestKeepAliveStatus": 1,
                "requestHeaderNames": {},
                "clientTcpRtt": 0,
                "clientQuicRtt": 16,
                "colo": "TLV",
                "asn": 12400,
                "asOrganization": "GOLDENLINES-NET-WAN",
                "country": "IL",
                "isEUCountry": false,
                "city": "Tel Aviv",
                "continent": "AS",
                "region": "Tel Aviv",
                "regionCode": "TA",
                "timezone": "Asia/Jerusalem",
                "longitude": "34.78057",
                "latitude": "32.08088",
                "tlsVersion": "TLSv1.3",
                "tlsCipher": "AEAD-AES128-GCM-SHA256",
                "tlsClientRandom": "eQVHoIRvx2D7QE4loGdpmOQ4RpFtB11ZtHMS4sbaMeU=",
                "tlsClientCiphersSha1": "3HTt3+R/6BL3zeALJDSq0pR1yOQ=",
                "tlsClientExtensionsSha1": "wrJDg9P9/pWQGUJ9dPrZIrD3Op4=",
                "tlsClientExtensionsSha1Le": "IyWSDHc1/fNTUfJH+1HZzDokon4=",
                "tlsClientHelloLength": "1755",
                "tlsClientAuth": {
                    "certPresented": "0",
                    "certVerified": "NONE",
                    "certRevoked": "0",
                    "certIssuerDN": "",
                    "certSubjectDN": "",
                    "certIssuerDNRFC2253": "",
                    "certSubjectDNRFC2253": "",
                    "certIssuerDNLegacy": "",
                    "certSubjectDNLegacy": "",
                    "certSerial": "",
                    "certIssuerSerial": "",
                    "certSKI": "",
                    "certIssuerSKI": "",
                    "certFingerprintSHA1": "",
                    "certFingerprintSHA256": "",
                    "certNotBefore": "",
                    "certNotAfter": "",
                    "certRFC9440": "",
                    "certRFC9440TooLarge": false,
                    "certChainRFC9440": "",
                    "certChainRFC9440TooLarge": false
                },
                "verifiedBotCategory": "",
                "edgeL4": {
                    "deliveryRate": 147851
                }
            }
        },
        "response": {
            "status": 204
        }
    }
}
{
    "wallTime": 941,
    "cpuTime": 3,
    "truncated": false,
    "executionModel": "stateless",
    "outcome": "ok",
    "scriptVersion": {
        "id": "f13a955f-0998-445c-9ffd-b254408327cf"
    },
    "scriptName": "smarta-api",
    "diagnosticsChannelEvents": [],
    "exceptions": [],
    "logs": [
        {
            "message": [
                "[MSG:SMS] → 0522497446 | היי משה! 📦 הגיעה לך חבילה והיא נמצאת בתא מס' 6.\nחבילה פתוחה. \nקיבוץ ניר עד\nתודה"
            ],
            "level": "log",
            "timestamp": 1778424922558
        },
        {
            "message": [
                "[MSG] InforUMobile (sms) response:",
                "<Result><Status>1</Status><Description>Message accepted successfully</Description><NumberOfRecipients>1</NumberOfRecipients></Result>"
            ],
            "level": "log",
            "timestamp": 1778424923121
        },
        {
            "message": [
                "[MSG:SMS] → 0522497446 | היי משה! 📦 הגיעה לך חבילה והיא נמצאת בתא מס' 11.\n. \nקיבוץ ניר עד\nתודה!"
            ],
            "level": "log",
            "timestamp": 1778424923272
        },
        {
            "message": [
                "[MSG] InforUMobile (sms) response:",
                "<Result><Status>1</Status><Description>Message accepted successfully</Description><NumberOfRecipients>1</NumberOfRecipients></Result>"
            ],
            "level": "log",
            "timestamp": 1778424923282
        }
    ],
    "eventTimestamp": 1778424922428,
    "event": {
        "request": {
            "url": "https://smarta-api.smarta-api.workers.dev/api/messages/send",
            "method": "POST",
            "headers": {
                "accept": "*/*",
                "accept-encoding": "gzip, br",
                "accept-language": "he-IL,he;q=0.9,en-US;q=0.8,en;q=0.7",
                "authorization": "REDACTED",
                "cf-connecting-ip": "212.199.218.246",
                "cf-ipcountry": "IL",
                "cf-ray": "9f99c8d52908d31d",
                "cf-visitor": "{\"scheme\":\"https\"}",
                "connection": "Keep-Alive",
                "content-length": "81",
                "content-type": "application/json",
                "host": "smarta-api.smarta-api.workers.dev",
                "origin": "https://caplanim1967-sudo.github.io",
                "priority": "u=1, i",
                "sec-ch-ua": "\"Google Chrome\";v=\"147\", \"Not.A/Brand\";v=\"8\", \"Chromium\";v=\"147\"",
                "sec-ch-ua-mobile": "?0",
                "sec-ch-ua-platform": "\"Windows\"",
                "sec-fetch-dest": "empty",
                "sec-fetch-mode": "cors",
                "sec-fetch-site": "cross-site",
                "user-agent": "Mozilla/5.0 (Windows NT 10.0; Win64; x64) AppleWebKit/537.36 (KHTML, like Gecko) Chrome/147.0.0.0 Safari/537.36",
                "x-forwarded-proto": "https",
                "x-real-ip": "212.199.218.246"
            },
            "cf": {
                "httpProtocol": "HTTP/3",
                "clientAcceptEncoding": "gzip, deflate, br",
                "requestPriority": "",
                "edgeRequestKeepAliveStatus": 1,
                "requestHeaderNames": {},
                "clientTcpRtt": 0,
                "clientQuicRtt": 16,
                "colo": "TLV",
                "asn": 12400,
                "asOrganization": "GOLDENLINES-NET-WAN",
                "country": "IL",
                "isEUCountry": false,
                "city": "Tel Aviv",
                "continent": "AS",
                "region": "Tel Aviv",
                "regionCode": "TA",
                "timezone": "Asia/Jerusalem",
                "longitude": "34.78057",
                "latitude": "32.08088",
                "tlsVersion": "TLSv1.3",
                "tlsCipher": "AEAD-AES128-GCM-SHA256",
                "tlsClientRandom": "eQVHoIRvx2D7QE4loGdpmOQ4RpFtB11ZtHMS4sbaMeU=",
                "tlsClientCiphersSha1": "3HTt3+R/6BL3zeALJDSq0pR1yOQ=",
                "tlsClientExtensionsSha1": "wrJDg9P9/pWQGUJ9dPrZIrD3Op4=",
                "tlsClientExtensionsSha1Le": "IyWSDHc1/fNTUfJH+1HZzDokon4=",
                "tlsClientHelloLength": "1755",
                "tlsClientAuth": {
                    "certPresented": "0",
                    "certVerified": "NONE",
                    "certRevoked": "0",
                    "certIssuerDN": "",
                    "certSubjectDN": "",
                    "certIssuerDNRFC2253": "",
                    "certSubjectDNRFC2253": "",
                    "certIssuerDNLegacy": "",
                    "certSubjectDNLegacy": "",
                    "certSerial": "",
                    "certIssuerSerial": "",
                    "certSKI": "",
                    "certIssuerSKI": "",
                    "certFingerprintSHA1": "",
                    "certFingerprintSHA256": "",
                    "certNotBefore": "",
                    "certNotAfter": "",
                    "certRFC9440": "",
                    "certRFC9440TooLarge": false,
                    "certChainRFC9440": "",
                    "certChainRFC9440TooLarge": false
                },
                "verifiedBotCategory": "",
                "edgeL4": {
                    "deliveryRate": 147851
                }
            }
        },
        "response": {
            "status": 200
        }
    }
}
{
    "wallTime": 0,
    "cpuTime": 0,
    "truncated": false,
    "executionModel": "stateless",
    "outcome": "ok",
    "scriptVersion": {
        "id": "607e8a2b-8fd6-46d2-9331-08646331241f"
    },
    "scriptName": "smarta-api",
    "diagnosticsChannelEvents": [],
    "exceptions": [],
    "logs": [],
    "eventTimestamp": 1778425395392,
    "event": {
        "request": {
            "url": "https://smarta-api.smarta-api.workers.dev/api/admin/settlements",
            "method": "OPTIONS",
            "headers": {
                "accept": "*/*",
                "accept-encoding": "gzip, br",
                "accept-language": "he-IL,he;q=0.9,en-US;q=0.8,en;q=0.7",
                "access-control-request-headers": "authorization",
                "access-control-request-method": "GET",
                "cf-connecting-ip": "212.199.218.246",
                "cf-ipcountry": "IL",
                "cf-ray": "9f99d4612e121f5a",
                "cf-visitor": "{\"scheme\":\"https\"}",
                "connection": "Keep-Alive",
                "host": "smarta-api.smarta-api.workers.dev",
                "origin": "https://caplanim1967-sudo.github.io",
                "priority": "u=1, i",
                "sec-fetch-dest": "empty",
                "sec-fetch-mode": "cors",
                "sec-fetch-site": "cross-site",
                "user-agent": "Mozilla/5.0 (Windows NT 10.0; Win64; x64) AppleWebKit/537.36 (KHTML, like Gecko) Chrome/147.0.0.0 Safari/537.36",
                "x-forwarded-proto": "https",
                "x-real-ip": "212.199.218.246"
            },
            "cf": {
                "httpProtocol": "HTTP/3",
                "clientAcceptEncoding": "gzip, deflate, br",
                "requestPriority": "",
                "edgeRequestKeepAliveStatus": 1,
                "requestHeaderNames": {},
                "clientTcpRtt": 0,
                "clientQuicRtt": 8,
                "colo": "TLV",
                "asn": 12400,
                "asOrganization": "GOLDENLINES-NET-WAN",
                "country": "IL",
                "isEUCountry": false,
                "city": "Tel Aviv",
                "continent": "AS",
                "region": "Tel Aviv",
                "regionCode": "TA",
                "timezone": "Asia/Jerusalem",
                "longitude": "34.78057",
                "latitude": "32.08088",
                "tlsVersion": "TLSv1.3",
                "tlsCipher": "AEAD-AES128-GCM-SHA256",
                "tlsClientRandom": "Pz1RCGOWVO5rBHwuGmwZISfLYDLiD+hQt8hl1oLUgLI=",
                "tlsClientCiphersSha1": "3HTt3+R/6BL3zeALJDSq0pR1yOQ=",
                "tlsClientExtensionsSha1": "38Fi5mTzIMyYYvq7I2+IbHl7Vls=",
                "tlsClientExtensionsSha1Le": "vMa7YrXr4o77h26+2ZJu/1l/R8s=",
                "tlsClientHelloLength": "1756",
                "tlsClientAuth": {
                    "certPresented": "0",
                    "certVerified": "NONE",
                    "certRevoked": "0",
                    "certIssuerDN": "",
                    "certSubjectDN": "",
                    "certIssuerDNRFC2253": "",
                    "certSubjectDNRFC2253": "",
                    "certIssuerDNLegacy": "",
                    "certSubjectDNLegacy": "",
                    "certSerial": "",
                    "certIssuerSerial": "",
                    "certSKI": "",
                    "certIssuerSKI": "",
                    "certFingerprintSHA1": "",
                    "certFingerprintSHA256": "",
                    "certNotBefore": "",
                    "certNotAfter": "",
                    "certRFC9440": "",
                    "certRFC9440TooLarge": false,
                    "certChainRFC9440": "",
                    "certChainRFC9440TooLarge": false
                },
                "verifiedBotCategory": "",
                "edgeL4": {
                    "deliveryRate": 168293
                }
            }
        },
        "response": {
            "status": 204
        }
    }
}
{
    "wallTime": 355,
    "cpuTime": 1,
    "truncated": false,
    "executionModel": "stateless",
    "outcome": "ok",
    "scriptVersion": {
        "id": "607e8a2b-8fd6-46d2-9331-08646331241f"
    },
    "scriptName": "smarta-api",
    "diagnosticsChannelEvents": [],
    "exceptions": [],
    "logs": [],
    "eventTimestamp": 1778425395414,
    "event": {
        "request": {
            "url": "https://smarta-api.smarta-api.workers.dev/api/admin/settlements",
            "method": "GET",
            "headers": {
                "accept": "*/*",
                "accept-encoding": "gzip, br",
                "accept-language": "he-IL,he;q=0.9,en-US;q=0.8,en;q=0.7",
                "authorization": "REDACTED",
                "cf-connecting-ip": "212.199.218.246",
                "cf-ipcountry": "IL",
                "cf-ray": "9f99d4615e1a1f5a",
                "cf-visitor": "{\"scheme\":\"https\"}",
                "connection": "Keep-Alive",
                "host": "smarta-api.smarta-api.workers.dev",
                "origin": "https://caplanim1967-sudo.github.io",
                "priority": "u=1, i",
                "sec-ch-ua": "\"Google Chrome\";v=\"147\", \"Not.A/Brand\";v=\"8\", \"Chromium\";v=\"147\"",
                "sec-ch-ua-mobile": "?0",
                "sec-ch-ua-platform": "\"Windows\"",
                "sec-fetch-dest": "empty",
                "sec-fetch-mode": "cors",
                "sec-fetch-site": "cross-site",
                "user-agent": "Mozilla/5.0 (Windows NT 10.0; Win64; x64) AppleWebKit/537.36 (KHTML, like Gecko) Chrome/147.0.0.0 Safari/537.36",
                "x-forwarded-proto": "https",
                "x-real-ip": "212.199.218.246"
            },
            "cf": {
                "httpProtocol": "HTTP/3",
                "clientAcceptEncoding": "gzip, deflate, br",
                "requestPriority": "",
                "edgeRequestKeepAliveStatus": 1,
                "requestHeaderNames": {},
                "clientTcpRtt": 0,
                "clientQuicRtt": 8,
                "colo": "TLV",
                "asn": 12400,
                "asOrganization": "GOLDENLINES-NET-WAN",
                "country": "IL",
                "isEUCountry": false,
                "city": "Tel Aviv",
                "continent": "AS",
                "region": "Tel Aviv",
                "regionCode": "TA",
                "timezone": "Asia/Jerusalem",
                "longitude": "34.78057",
                "latitude": "32.08088",
                "tlsVersion": "TLSv1.3",
                "tlsCipher": "AEAD-AES128-GCM-SHA256",
                "tlsClientRandom": "Pz1RCGOWVO5rBHwuGmwZISfLYDLiD+hQt8hl1oLUgLI=",
                "tlsClientCiphersSha1": "3HTt3+R/6BL3zeALJDSq0pR1yOQ=",
                "tlsClientExtensionsSha1": "38Fi5mTzIMyYYvq7I2+IbHl7Vls=",
                "tlsClientExtensionsSha1Le": "vMa7YrXr4o77h26+2ZJu/1l/R8s=",
                "tlsClientHelloLength": "1756",
                "tlsClientAuth": {
                    "certPresented": "0",
                    "certVerified": "NONE",
                    "certRevoked": "0",
                    "certIssuerDN": "",
                    "certSubjectDN": "",
                    "certIssuerDNRFC2253": "",
                    "certSubjectDNRFC2253": "",
                    "certIssuerDNLegacy": "",
                    "certSubjectDNLegacy": "",
                    "certSerial": "",
                    "certIssuerSerial": "",
                    "certSKI": "",
                    "certIssuerSKI": "",
                    "certFingerprintSHA1": "",
                    "certFingerprintSHA256": "",
                    "certNotBefore": "",
                    "certNotAfter": "",
                    "certRFC9440": "",
                    "certRFC9440TooLarge": false,
                    "certChainRFC9440": "",
                    "certChainRFC9440TooLarge": false
                },
                "verifiedBotCategory": "",
                "edgeL4": {
                    "deliveryRate": 168293
                }
            }
        },
        "response": {
            "status": 200
        }
    }
}
{
    "wallTime": 0,
    "cpuTime": 0,
    "truncated": false,
    "executionModel": "stateless",
    "outcome": "ok",
    "scriptVersion": {
        "id": "607e8a2b-8fd6-46d2-9331-08646331241f"
    },
    "scriptName": "smarta-api",
    "diagnosticsChannelEvents": [],
    "exceptions": [],
    "logs": [],
    "eventTimestamp": 1778425395790,
    "event": {
        "request": {
            "url": "https://smarta-api.smarta-api.workers.dev/api/admin/lockers",
            "method": "OPTIONS",
            "headers": {
                "accept": "*/*",
                "accept-encoding": "gzip, br",
                "accept-language": "he-IL,he;q=0.9,en-US;q=0.8,en;q=0.7",
                "access-control-request-headers": "authorization",
                "access-control-request-method": "GET",
                "cf-connecting-ip": "212.199.218.246",
                "cf-ipcountry": "IL",
                "cf-ray": "9f99d463ae811f5a",
                "cf-visitor": "{\"scheme\":\"https\"}",
                "connection": "Keep-Alive",
                "host": "smarta-api.smarta-api.workers.dev",
                "origin": "https://caplanim1967-sudo.github.io",
                "priority": "u=1, i",
                "sec-fetch-dest": "empty",
                "sec-fetch-mode": "cors",
                "sec-fetch-site": "cross-site",
                "user-agent": "Mozilla/5.0 (Windows NT 10.0; Win64; x64) AppleWebKit/537.36 (KHTML, like Gecko) Chrome/147.0.0.0 Safari/537.36",
                "x-forwarded-proto": "https",
                "x-real-ip": "212.199.218.246"
            },
            "cf": {
                "httpProtocol": "HTTP/3",
                "clientAcceptEncoding": "gzip, deflate, br",
                "requestPriority": "",
                "edgeRequestKeepAliveStatus": 1,
                "requestHeaderNames": {},
                "clientTcpRtt": 0,
                "clientQuicRtt": 8,
                "colo": "TLV",
                "asn": 12400,
                "asOrganization": "GOLDENLINES-NET-WAN",
                "country": "IL",
                "isEUCountry": false,
                "city": "Tel Aviv",
                "continent": "AS",
                "region": "Tel Aviv",
                "regionCode": "TA",
                "timezone": "Asia/Jerusalem",
                "longitude": "34.78057",
                "latitude": "32.08088",
                "tlsVersion": "TLSv1.3",
                "tlsCipher": "AEAD-AES128-GCM-SHA256",
                "tlsClientRandom": "Pz1RCGOWVO5rBHwuGmwZISfLYDLiD+hQt8hl1oLUgLI=",
                "tlsClientCiphersSha1": "3HTt3+R/6BL3zeALJDSq0pR1yOQ=",
                "tlsClientExtensionsSha1": "38Fi5mTzIMyYYvq7I2+IbHl7Vls=",
                "tlsClientExtensionsSha1Le": "vMa7YrXr4o77h26+2ZJu/1l/R8s=",
                "tlsClientHelloLength": "1756",
                "tlsClientAuth": {
                    "certPresented": "0",
                    "certVerified": "NONE",
                    "certRevoked": "0",
                    "certIssuerDN": "",
                    "certSubjectDN": "",
                    "certIssuerDNRFC2253": "",
                    "certSubjectDNRFC2253": "",
                    "certIssuerDNLegacy": "",
                    "certSubjectDNLegacy": "",
                    "certSerial": "",
                    "certIssuerSerial": "",
                    "certSKI": "",
                    "certIssuerSKI": "",
                    "certFingerprintSHA1": "",
                    "certFingerprintSHA256": "",
                    "certNotBefore": "",
                    "certNotAfter": "",
                    "certRFC9440": "",
                    "certRFC9440TooLarge": false,
                    "certChainRFC9440": "",
                    "certChainRFC9440TooLarge": false
                },
                "verifiedBotCategory": "",
                "edgeL4": {
                    "deliveryRate": 170550
                }
            }
        },
        "response": {
            "status": 204
        }
    }
}
{
    "wallTime": 78,
    "cpuTime": 0,
    "truncated": false,
    "executionModel": "stateless",
    "outcome": "ok",
    "scriptVersion": {
        "id": "607e8a2b-8fd6-46d2-9331-08646331241f"
    },
    "scriptName": "smarta-api",
    "diagnosticsChannelEvents": [],
    "exceptions": [],
    "logs": [],
    "eventTimestamp": 1778425395803,
    "event": {
        "request": {
            "url": "https://smarta-api.smarta-api.workers.dev/api/admin/lockers",
            "method": "GET",
            "headers": {
                "accept": "*/*",
                "accept-encoding": "gzip, br",
                "accept-language": "he-IL,he;q=0.9,en-US;q=0.8,en;q=0.7",
                "authorization": "REDACTED",
                "cf-connecting-ip": "212.199.218.246",
                "cf-ipcountry": "IL",
                "cf-ray": "9f99d463ce851f5a",
                "cf-visitor": "{\"scheme\":\"https\"}",
                "connection": "Keep-Alive",
                "host": "smarta-api.smarta-api.workers.dev",
                "origin": "https://caplanim1967-sudo.github.io",
                "priority": "u=1, i",
                "sec-ch-ua": "\"Google Chrome\";v=\"147\", \"Not.A/Brand\";v=\"8\", \"Chromium\";v=\"147\"",
                "sec-ch-ua-mobile": "?0",
                "sec-ch-ua-platform": "\"Windows\"",
                "sec-fetch-dest": "empty",
                "sec-fetch-mode": "cors",
                "sec-fetch-site": "cross-site",
                "user-agent": "Mozilla/5.0 (Windows NT 10.0; Win64; x64) AppleWebKit/537.36 (KHTML, like Gecko) Chrome/147.0.0.0 Safari/537.36",
                "x-forwarded-proto": "https",
                "x-real-ip": "212.199.218.246"
            },
            "cf": {
                "httpProtocol": "HTTP/3",
                "clientAcceptEncoding": "gzip, deflate, br",
                "requestPriority": "",
                "edgeRequestKeepAliveStatus": 1,
                "requestHeaderNames": {},
                "clientTcpRtt": 0,
                "clientQuicRtt": 8,
                "colo": "TLV",
                "asn": 12400,
                "asOrganization": "GOLDENLINES-NET-WAN",
                "country": "IL",
                "isEUCountry": false,
                "city": "Tel Aviv",
                "continent": "AS",
                "region": "Tel Aviv",
                "regionCode": "TA",
                "timezone": "Asia/Jerusalem",
                "longitude": "34.78057",
                "latitude": "32.08088",
                "tlsVersion": "TLSv1.3",
                "tlsCipher": "AEAD-AES128-GCM-SHA256",
                "tlsClientRandom": "Pz1RCGOWVO5rBHwuGmwZISfLYDLiD+hQt8hl1oLUgLI=",
                "tlsClientCiphersSha1": "3HTt3+R/6BL3zeALJDSq0pR1yOQ=",
                "tlsClientExtensionsSha1": "38Fi5mTzIMyYYvq7I2+IbHl7Vls=",
                "tlsClientExtensionsSha1Le": "vMa7YrXr4o77h26+2ZJu/1l/R8s=",
                "tlsClientHelloLength": "1756",
                "tlsClientAuth": {
                    "certPresented": "0",
                    "certVerified": "NONE",
                    "certRevoked": "0",
                    "certIssuerDN": "",
                    "certSubjectDN": "",
                    "certIssuerDNRFC2253": "",
                    "certSubjectDNRFC2253": "",
                    "certIssuerDNLegacy": "",
                    "certSubjectDNLegacy": "",
                    "certSerial": "",
                    "certIssuerSerial": "",
                    "certSKI": "",
                    "certIssuerSKI": "",
                    "certFingerprintSHA1": "",
                    "certFingerprintSHA256": "",
                    "certNotBefore": "",
                    "certNotAfter": "",
                    "certRFC9440": "",
                    "certRFC9440TooLarge": false,
                    "certChainRFC9440": "",
                    "certChainRFC9440TooLarge": false
                },
                "verifiedBotCategory": "",
                "edgeL4": {
                    "deliveryRate": 170550
                }
            }
        },
        "response": {
            "status": 200
        }
    }
}
{
    "wallTime": 0,
    "cpuTime": 0,
    "truncated": false,
    "executionModel": "stateless",
    "outcome": "ok",
    "scriptVersion": {
        "id": "607e8a2b-8fd6-46d2-9331-08646331241f"
    },
    "scriptName": "smarta-api",
    "diagnosticsChannelEvents": [],
    "exceptions": [],
    "logs": [],
    "eventTimestamp": 1778425404719,
    "event": {
        "request": {
            "url": "https://smarta-api.smarta-api.workers.dev/api/admin/settlements/NIR-01",
            "method": "OPTIONS",
            "headers": {
                "accept": "*/*",
                "accept-encoding": "gzip, br",
                "accept-language": "he-IL,he;q=0.9,en-US;q=0.8,en;q=0.7",
                "access-control-request-headers": "authorization,content-type",
                "access-control-request-method": "PUT",
                "cf-connecting-ip": "212.199.218.246",
                "cf-ipcountry": "IL",
                "cf-ray": "9f99d49b7eaf1f5a",
                "cf-visitor": "{\"scheme\":\"https\"}",
                "connection": "Keep-Alive",
                "host": "smarta-api.smarta-api.workers.dev",
                "origin": "https://caplanim1967-sudo.github.io",
                "priority": "u=1, i",
                "sec-fetch-dest": "empty",
                "sec-fetch-mode": "cors",
                "sec-fetch-site": "cross-site",
                "user-agent": "Mozilla/5.0 (Windows NT 10.0; Win64; x64) AppleWebKit/537.36 (KHTML, like Gecko) Chrome/147.0.0.0 Safari/537.36",
                "x-forwarded-proto": "https",
                "x-real-ip": "212.199.218.246"
            },
            "cf": {
                "httpProtocol": "HTTP/3",
                "clientAcceptEncoding": "gzip, deflate, br",
                "requestPriority": "",
                "edgeRequestKeepAliveStatus": 1,
                "requestHeaderNames": {},
                "clientTcpRtt": 0,
                "clientQuicRtt": 8,
                "colo": "TLV",
                "asn": 12400,
                "asOrganization": "GOLDENLINES-NET-WAN",
                "country": "IL",
                "isEUCountry": false,
                "city": "Tel Aviv",
                "continent": "AS",
                "region": "Tel Aviv",
                "regionCode": "TA",
                "timezone": "Asia/Jerusalem",
                "longitude": "34.78057",
                "latitude": "32.08088",
                "tlsVersion": "TLSv1.3",
                "tlsCipher": "AEAD-AES128-GCM-SHA256",
                "tlsClientRandom": "Pz1RCGOWVO5rBHwuGmwZISfLYDLiD+hQt8hl1oLUgLI=",
                "tlsClientCiphersSha1": "3HTt3+R/6BL3zeALJDSq0pR1yOQ=",
                "tlsClientExtensionsSha1": "38Fi5mTzIMyYYvq7I2+IbHl7Vls=",
                "tlsClientExtensionsSha1Le": "vMa7YrXr4o77h26+2ZJu/1l/R8s=",
                "tlsClientHelloLength": "1756",
                "tlsClientAuth": {
                    "certPresented": "0",
                    "certVerified": "NONE",
                    "certRevoked": "0",
                    "certIssuerDN": "",
                    "certSubjectDN": "",
                    "certIssuerDNRFC2253": "",
                    "certSubjectDNRFC2253": "",
                    "certIssuerDNLegacy": "",
                    "certSubjectDNLegacy": "",
                    "certSerial": "",
                    "certIssuerSerial": "",
                    "certSKI": "",
                    "certIssuerSKI": "",
                    "certFingerprintSHA1": "",
                    "certFingerprintSHA256": "",
                    "certNotBefore": "",
                    "certNotAfter": "",
                    "certRFC9440": "",
                    "certRFC9440TooLarge": false,
                    "certChainRFC9440": "",
                    "certChainRFC9440TooLarge": false
                },
                "verifiedBotCategory": "",
                "edgeL4": {
                    "deliveryRate": 170550
                }
            }
        },
        "response": {
            "status": 204
        }
    }
}
{
    "wallTime": 74,
    "cpuTime": 0,
    "truncated": false,
    "executionModel": "stateless",
    "outcome": "ok",
    "scriptVersion": {
        "id": "607e8a2b-8fd6-46d2-9331-08646331241f"
    },
    "scriptName": "smarta-api",
    "diagnosticsChannelEvents": [],
    "exceptions": [],
    "logs": [],
    "eventTimestamp": 1778425404752,
    "event": {
        "request": {
            "url": "https://smarta-api.smarta-api.workers.dev/api/admin/settlements/NIR-01",
            "method": "PUT",
            "headers": {
                "accept": "*/*",
                "accept-encoding": "gzip, br",
                "accept-language": "he-IL,he;q=0.9,en-US;q=0.8,en;q=0.7",
                "authorization": "REDACTED",
                "cf-connecting-ip": "212.199.218.246",
                "cf-ipcountry": "IL",
                "cf-ray": "9f99d49bbec71f5a",
                "cf-visitor": "{\"scheme\":\"https\"}",
                "connection": "Keep-Alive",
                "content-length": "92",
                "content-type": "application/json",
                "host": "smarta-api.smarta-api.workers.dev",
                "origin": "https://caplanim1967-sudo.github.io",
                "priority": "u=1, i",
                "sec-ch-ua": "\"Google Chrome\";v=\"147\", \"Not.A/Brand\";v=\"8\", \"Chromium\";v=\"147\"",
                "sec-ch-ua-mobile": "?0",
                "sec-ch-ua-platform": "\"Windows\"",
                "sec-fetch-dest": "empty",
                "sec-fetch-mode": "cors",
                "sec-fetch-site": "cross-site",
                "user-agent": "Mozilla/5.0 (Windows NT 10.0; Win64; x64) AppleWebKit/537.36 (KHTML, like Gecko) Chrome/147.0.0.0 Safari/537.36",
                "x-forwarded-proto": "https",
                "x-real-ip": "212.199.218.246"
            },
            "cf": {
                "httpProtocol": "HTTP/3",
                "clientAcceptEncoding": "gzip, deflate, br",
                "requestPriority": "",
                "edgeRequestKeepAliveStatus": 1,
                "requestHeaderNames": {},
                "clientTcpRtt": 0,
                "clientQuicRtt": 9,
                "colo": "TLV",
                "asn": 12400,
                "asOrganization": "GOLDENLINES-NET-WAN",
                "country": "IL",
                "isEUCountry": false,
                "city": "Tel Aviv",
                "continent": "AS",
                "region": "Tel Aviv",
                "regionCode": "TA",
                "timezone": "Asia/Jerusalem",
                "longitude": "34.78057",
                "latitude": "32.08088",
                "tlsVersion": "TLSv1.3",
                "tlsCipher": "AEAD-AES128-GCM-SHA256",
                "tlsClientRandom": "Pz1RCGOWVO5rBHwuGmwZISfLYDLiD+hQt8hl1oLUgLI=",
                "tlsClientCiphersSha1": "3HTt3+R/6BL3zeALJDSq0pR1yOQ=",
                "tlsClientExtensionsSha1": "38Fi5mTzIMyYYvq7I2+IbHl7Vls=",
                "tlsClientExtensionsSha1Le": "vMa7YrXr4o77h26+2ZJu/1l/R8s=",
                "tlsClientHelloLength": "1756",
                "tlsClientAuth": {
                    "certPresented": "0",
                    "certVerified": "NONE",
                    "certRevoked": "0",
                    "certIssuerDN": "",
                    "certSubjectDN": "",
                    "certIssuerDNRFC2253": "",
                    "certSubjectDNRFC2253": "",
                    "certIssuerDNLegacy": "",
                    "certSubjectDNLegacy": "",
                    "certSerial": "",
                    "certIssuerSerial": "",
                    "certSKI": "",
                    "certIssuerSKI": "",
                    "certFingerprintSHA1": "",
                    "certFingerprintSHA256": "",
                    "certNotBefore": "",
                    "certNotAfter": "",
                    "certRFC9440": "",
                    "certRFC9440TooLarge": false,
                    "certChainRFC9440": "",
                    "certChainRFC9440TooLarge": false
                },
                "verifiedBotCategory": "",
                "edgeL4": {
                    "deliveryRate": 170550
                }
            }
        },
        "response": {
            "status": 200
        }
    }
}
{
    "wallTime": 0,
    "cpuTime": 0,
    "truncated": false,
    "executionModel": "stateless",
    "outcome": "ok",
    "scriptVersion": {
        "id": "607e8a2b-8fd6-46d2-9331-08646331241f"
    },
    "scriptName": "smarta-api",
    "diagnosticsChannelEvents": [],
    "exceptions": [],
    "logs": [],
    "eventTimestamp": 1778425550555,
    "event": {
        "request": {
            "url": "https://smarta-api.smarta-api.workers.dev/api/auth/login",
            "method": "OPTIONS",
            "headers": {
                "accept": "*/*",
                "accept-encoding": "gzip, br",
                "accept-language": "he-IL,he;q=0.9,en-US;q=0.8,en;q=0.7",
                "access-control-request-headers": "content-type",
                "access-control-request-method": "POST",
                "cf-connecting-ip": "212.199.218.246",
                "cf-ipcountry": "IL",
                "cf-ray": "9f99d82afc1158a1",
                "cf-visitor": "{\"scheme\":\"https\"}",
                "connection": "Keep-Alive",
                "host": "smarta-api.smarta-api.workers.dev",
                "origin": "https://caplanim1967-sudo.github.io",
                "priority": "u=1, i",
                "referer": "https://caplanim1967-sudo.github.io/",
                "sec-fetch-dest": "empty",
                "sec-fetch-mode": "cors",
                "sec-fetch-site": "cross-site",
                "user-agent": "Mozilla/5.0 (Windows NT 10.0; Win64; x64) AppleWebKit/537.36 (KHTML, like Gecko) Chrome/147.0.0.0 Safari/537.36",
                "x-forwarded-proto": "https",
                "x-real-ip": "212.199.218.246"
            },
            "cf": {
                "httpProtocol": "HTTP/3",
                "clientAcceptEncoding": "gzip, deflate, br",
                "requestPriority": "",
                "edgeRequestKeepAliveStatus": 1,
                "requestHeaderNames": {},
                "clientTcpRtt": 0,
                "clientQuicRtt": 14,
                "colo": "TLV",
                "asn": 12400,
                "asOrganization": "GOLDENLINES-NET-WAN",
                "country": "IL",
                "isEUCountry": false,
                "city": "Tel Aviv",
                "continent": "AS",
                "region": "Tel Aviv",
                "regionCode": "TA",
                "timezone": "Asia/Jerusalem",
                "longitude": "34.78057",
                "latitude": "32.08088",
                "tlsVersion": "TLSv1.3",
                "tlsCipher": "AEAD-AES128-GCM-SHA256",
                "tlsClientRandom": "LOuz74mFRpGcgmv3D4mWkfN7iYZn+rExghzQVC4KDbQ=",
                "tlsClientCiphersSha1": "3HTt3+R/6BL3zeALJDSq0pR1yOQ=",
                "tlsClientExtensionsSha1": "/C6r5bix3ORwsRErXXn7XsjAHaU=",
                "tlsClientExtensionsSha1Le": "aFoWUkycpdUZRSbQzKsu8wIfAcc=",
                "tlsClientHelloLength": "1747",
                "tlsClientAuth": {
                    "certPresented": "0",
                    "certVerified": "NONE",
                    "certRevoked": "0",
                    "certIssuerDN": "",
                    "certSubjectDN": "",
                    "certIssuerDNRFC2253": "",
                    "certSubjectDNRFC2253": "",
                    "certIssuerDNLegacy": "",
                    "certSubjectDNLegacy": "",
                    "certSerial": "",
                    "certIssuerSerial": "",
                    "certSKI": "",
                    "certIssuerSKI": "",
                    "certFingerprintSHA1": "",
                    "certFingerprintSHA256": "",
                    "certNotBefore": "",
                    "certNotAfter": "",
                    "certRFC9440": "",
                    "certRFC9440TooLarge": false,
                    "certChainRFC9440": "",
                    "certChainRFC9440TooLarge": false
                },
                "verifiedBotCategory": "",
                "edgeL4": {
                    "deliveryRate": 103645
                }
            }
        },
        "response": {
            "status": 204
        }
    }
}
{
    "wallTime": 437,
    "cpuTime": 1,
    "truncated": false,
    "executionModel": "stateless",
    "outcome": "ok",
    "scriptVersion": {
        "id": "607e8a2b-8fd6-46d2-9331-08646331241f"
    },
    "scriptName": "smarta-api",
    "diagnosticsChannelEvents": [],
    "exceptions": [],
    "logs": [],
    "eventTimestamp": 1778425550598,
    "event": {
        "request": {
            "url": "https://smarta-api.smarta-api.workers.dev/api/auth/login",
            "method": "POST",
            "headers": {
                "accept": "*/*",
                "accept-encoding": "gzip, br",
                "accept-language": "he-IL,he;q=0.9,en-US;q=0.8,en;q=0.7",
                "cf-connecting-ip": "212.199.218.246",
                "cf-ipcountry": "IL",
                "cf-ray": "9f99d82b0c1258a1",
                "cf-visitor": "{\"scheme\":\"https\"}",
                "connection": "Keep-Alive",
                "content-length": "47",
                "content-type": "application/json",
                "host": "smarta-api.smarta-api.workers.dev",
                "origin": "https://caplanim1967-sudo.github.io",
                "priority": "u=1, i",
                "referer": "https://caplanim1967-sudo.github.io/",
                "sec-ch-ua": "\"Google Chrome\";v=\"147\", \"Not.A/Brand\";v=\"8\", \"Chromium\";v=\"147\"",
                "sec-ch-ua-mobile": "?0",
                "sec-ch-ua-platform": "\"Windows\"",
                "sec-fetch-dest": "empty",
                "sec-fetch-mode": "cors",
                "sec-fetch-site": "cross-site",
                "user-agent": "Mozilla/5.0 (Windows NT 10.0; Win64; x64) AppleWebKit/537.36 (KHTML, like Gecko) Chrome/147.0.0.0 Safari/537.36",
                "x-forwarded-proto": "https",
                "x-real-ip": "212.199.218.246"
            },
            "cf": {
                "httpProtocol": "HTTP/3",
                "clientAcceptEncoding": "gzip, deflate, br",
                "requestPriority": "",
                "edgeRequestKeepAliveStatus": 1,
                "requestHeaderNames": {},
                "clientTcpRtt": 0,
                "clientQuicRtt": 12,
                "colo": "TLV",
                "asn": 12400,
                "asOrganization": "GOLDENLINES-NET-WAN",
                "country": "IL",
                "isEUCountry": false,
                "city": "Tel Aviv",
                "continent": "AS",
                "region": "Tel Aviv",
                "regionCode": "TA",
                "timezone": "Asia/Jerusalem",
                "longitude": "34.78057",
                "latitude": "32.08088",
                "tlsVersion": "TLSv1.3",
                "tlsCipher": "AEAD-AES128-GCM-SHA256",
                "tlsClientRandom": "LOuz74mFRpGcgmv3D4mWkfN7iYZn+rExghzQVC4KDbQ=",
                "tlsClientCiphersSha1": "3HTt3+R/6BL3zeALJDSq0pR1yOQ=",
                "tlsClientExtensionsSha1": "/C6r5bix3ORwsRErXXn7XsjAHaU=",
                "tlsClientExtensionsSha1Le": "aFoWUkycpdUZRSbQzKsu8wIfAcc=",
                "tlsClientHelloLength": "1747",
                "tlsClientAuth": {
                    "certPresented": "0",
                    "certVerified": "NONE",
                    "certRevoked": "0",
                    "certIssuerDN": "",
                    "certSubjectDN": "",
                    "certIssuerDNRFC2253": "",
                    "certSubjectDNRFC2253": "",
                    "certIssuerDNLegacy": "",
                    "certSubjectDNLegacy": "",
                    "certSerial": "",
                    "certIssuerSerial": "",
                    "certSKI": "",
                    "certIssuerSKI": "",
                    "certFingerprintSHA1": "",
                    "certFingerprintSHA256": "",
                    "certNotBefore": "",
                    "certNotAfter": "",
                    "certRFC9440": "",
                    "certRFC9440TooLarge": false,
                    "certChainRFC9440": "",
                    "certChainRFC9440TooLarge": false
                },
                "verifiedBotCategory": "",
                "edgeL4": {
                    "deliveryRate": 103645
                }
            }
        },
        "response": {
            "status": 403
        }
    }
}
{
    "wallTime": 0,
    "cpuTime": 0,
    "truncated": false,
    "executionModel": "stateless",
    "outcome": "ok",
    "scriptVersion": {
        "id": "607e8a2b-8fd6-46d2-9331-08646331241f"
    },
    "scriptName": "smarta-api",
    "diagnosticsChannelEvents": [],
    "exceptions": [],
    "logs": [],
    "eventTimestamp": 1778425599938,
    "event": {
        "request": {
            "url": "https://smarta-api.smarta-api.workers.dev/api/auth/login",
            "method": "OPTIONS",
            "headers": {
                "accept": "*/*",
                "accept-encoding": "gzip, br",
                "accept-language": "he-IL,he;q=0.9,en-US;q=0.8,en;q=0.7",
                "access-control-request-headers": "content-type",
                "access-control-request-method": "POST",
                "cf-connecting-ip": "212.199.218.246",
                "cf-ipcountry": "IL",
                "cf-ray": "9f99d95f99d17d3c",
                "cf-visitor": "{\"scheme\":\"https\"}",
                "connection": "Keep-Alive",
                "host": "smarta-api.smarta-api.workers.dev",
                "origin": "https://caplanim1967-sudo.github.io",
                "priority": "u=1, i",
                "referer": "https://caplanim1967-sudo.github.io/",
                "sec-fetch-dest": "empty",
                "sec-fetch-mode": "cors",
                "sec-fetch-site": "cross-site",
                "user-agent": "Mozilla/5.0 (Windows NT 10.0; Win64; x64) AppleWebKit/537.36 (KHTML, like Gecko) Chrome/147.0.0.0 Safari/537.36",
                "x-forwarded-proto": "https",
                "x-real-ip": "212.199.218.246"
            },
            "cf": {
                "httpProtocol": "HTTP/3",
                "clientAcceptEncoding": "gzip, deflate, br",
                "requestPriority": "",
                "edgeRequestKeepAliveStatus": 1,
                "requestHeaderNames": {},
                "clientTcpRtt": 0,
                "clientQuicRtt": 15,
                "colo": "TLV",
                "asn": 12400,
                "asOrganization": "GOLDENLINES-NET-WAN",
                "country": "IL",
                "isEUCountry": false,
                "city": "Tel Aviv",
                "continent": "AS",
                "region": "Tel Aviv",
                "regionCode": "TA",
                "timezone": "Asia/Jerusalem",
                "longitude": "34.78057",
                "latitude": "32.08088",
                "tlsVersion": "TLSv1.3",
                "tlsCipher": "AEAD-AES128-GCM-SHA256",
                "tlsClientRandom": "LNlfm6NknoXDegYGSDTWbGteNyDcCSoOQ+CgsUEZxD8=",
                "tlsClientCiphersSha1": "3HTt3+R/6BL3zeALJDSq0pR1yOQ=",
                "tlsClientExtensionsSha1": "0KA0tTPVOZU30R6kz4jkvNjL6k8=",
                "tlsClientExtensionsSha1Le": "adzig7Vgp6oLBU3COZCJQoJNQds=",
                "tlsClientHelloLength": "1759",
                "tlsClientAuth": {
                    "certPresented": "0",
                    "certVerified": "NONE",
                    "certRevoked": "0",
                    "certIssuerDN": "",
                    "certSubjectDN": "",
                    "certIssuerDNRFC2253": "",
                    "certSubjectDNRFC2253": "",
                    "certIssuerDNLegacy": "",
                    "certSubjectDNLegacy": "",
                    "certSerial": "",
                    "certIssuerSerial": "",
                    "certSKI": "",
                    "certIssuerSKI": "",
                    "certFingerprintSHA1": "",
                    "certFingerprintSHA256": "",
                    "certNotBefore": "",
                    "certNotAfter": "",
                    "certRFC9440": "",
                    "certRFC9440TooLarge": false,
                    "certChainRFC9440": "",
                    "certChainRFC9440TooLarge": false
                },
                "verifiedBotCategory": "",
                "edgeL4": {
                    "deliveryRate": 92482
                }
            }
        },
        "response": {
            "status": 204
        }
    }
}
{
    "wallTime": 78,
    "cpuTime": 1,
    "truncated": false,
    "executionModel": "stateless",
    "outcome": "ok",
    "scriptVersion": {
        "id": "607e8a2b-8fd6-46d2-9331-08646331241f"
    },
    "scriptName": "smarta-api",
    "diagnosticsChannelEvents": [],
    "exceptions": [],
    "logs": [],
    "eventTimestamp": 1778425599984,
    "event": {
        "request": {
            "url": "https://smarta-api.smarta-api.workers.dev/api/auth/login",
            "method": "POST",
            "headers": {
                "accept": "*/*",
                "accept-encoding": "gzip, br",
                "accept-language": "he-IL,he;q=0.9,en-US;q=0.8,en;q=0.7",
                "cf-connecting-ip": "212.199.218.246",
                "cf-ipcountry": "IL",
                "cf-ray": "9f99d95fb9d47d3c",
                "cf-visitor": "{\"scheme\":\"https\"}",
                "connection": "Keep-Alive",
                "content-length": "52",
                "content-type": "application/json",
                "host": "smarta-api.smarta-api.workers.dev",
                "origin": "https://caplanim1967-sudo.github.io",
                "priority": "u=1, i",
                "referer": "https://caplanim1967-sudo.github.io/",
                "sec-ch-ua": "\"Google Chrome\";v=\"147\", \"Not.A/Brand\";v=\"8\", \"Chromium\";v=\"147\"",
                "sec-ch-ua-mobile": "?0",
                "sec-ch-ua-platform": "\"Windows\"",
                "sec-fetch-dest": "empty",
                "sec-fetch-mode": "cors",
                "sec-fetch-site": "cross-site",
                "user-agent": "Mozilla/5.0 (Windows NT 10.0; Win64; x64) AppleWebKit/537.36 (KHTML, like Gecko) Chrome/147.0.0.0 Safari/537.36",
                "x-forwarded-proto": "https",
                "x-real-ip": "212.199.218.246"
            },
            "cf": {
                "httpProtocol": "HTTP/3",
                "clientAcceptEncoding": "gzip, deflate, br",
                "requestPriority": "",
                "edgeRequestKeepAliveStatus": 1,
                "requestHeaderNames": {},
                "clientTcpRtt": 0,
                "clientQuicRtt": 14,
                "colo": "TLV",
                "asn": 12400,
                "asOrganization": "GOLDENLINES-NET-WAN",
                "country": "IL",
                "isEUCountry": false,
                "city": "Tel Aviv",
                "continent": "AS",
                "region": "Tel Aviv",
                "regionCode": "TA",
                "timezone": "Asia/Jerusalem",
                "longitude": "34.78057",
                "latitude": "32.08088",
                "tlsVersion": "TLSv1.3",
                "tlsCipher": "AEAD-AES128-GCM-SHA256",
                "tlsClientRandom": "LNlfm6NknoXDegYGSDTWbGteNyDcCSoOQ+CgsUEZxD8=",
                "tlsClientCiphersSha1": "3HTt3+R/6BL3zeALJDSq0pR1yOQ=",
                "tlsClientExtensionsSha1": "0KA0tTPVOZU30R6kz4jkvNjL6k8=",
                "tlsClientExtensionsSha1Le": "adzig7Vgp6oLBU3COZCJQoJNQds=",
                "tlsClientHelloLength": "1759",
                "tlsClientAuth": {
                    "certPresented": "0",
                    "certVerified": "NONE",
                    "certRevoked": "0",
                    "certIssuerDN": "",
                    "certSubjectDN": "",
                    "certIssuerDNRFC2253": "",
                    "certSubjectDNRFC2253": "",
                    "certIssuerDNLegacy": "",
                    "certSubjectDNLegacy": "",
                    "certSerial": "",
                    "certIssuerSerial": "",
                    "certSKI": "",
                    "certIssuerSKI": "",
                    "certFingerprintSHA1": "",
                    "certFingerprintSHA256": "",
                    "certNotBefore": "",
                    "certNotAfter": "",
                    "certRFC9440": "",
                    "certRFC9440TooLarge": false,
                    "certChainRFC9440": "",
                    "certChainRFC9440TooLarge": false
                },
                "verifiedBotCategory": "",
                "edgeL4": {
                    "deliveryRate": 92482
                }
            }
        },
        "response": {
            "status": 200
        }
    }
}
{
    "wallTime": 0,
    "cpuTime": 0,
    "truncated": false,
    "executionModel": "stateless",
    "outcome": "ok",
    "scriptVersion": {
        "id": "607e8a2b-8fd6-46d2-9331-08646331241f"
    },
    "scriptName": "smarta-api",
    "diagnosticsChannelEvents": [],
    "exceptions": [],
    "logs": [],
    "eventTimestamp": 1778425600343,
    "event": {
        "request": {
            "url": "https://smarta-api.smarta-api.workers.dev/api/admin/settlements",
            "method": "OPTIONS",
            "headers": {
                "accept": "*/*",
                "accept-encoding": "gzip, br",
                "accept-language": "he-IL,he;q=0.9,en-US;q=0.8,en;q=0.7",
                "access-control-request-headers": "authorization",
                "access-control-request-method": "GET",
                "cf-connecting-ip": "212.199.218.246",
                "cf-ipcountry": "IL",
                "cf-ray": "9f99d9622a2f7d3c",
                "cf-visitor": "{\"scheme\":\"https\"}",
                "connection": "Keep-Alive",
                "host": "smarta-api.smarta-api.workers.dev",
                "origin": "https://caplanim1967-sudo.github.io",
                "priority": "u=1, i",
                "sec-fetch-dest": "empty",
                "sec-fetch-mode": "cors",
                "sec-fetch-site": "cross-site",
                "user-agent": "Mozilla/5.0 (Windows NT 10.0; Win64; x64) AppleWebKit/537.36 (KHTML, like Gecko) Chrome/147.0.0.0 Safari/537.36",
                "x-forwarded-proto": "https",
                "x-real-ip": "212.199.218.246"
            },
            "cf": {
                "httpProtocol": "HTTP/3",
                "clientAcceptEncoding": "gzip, deflate, br",
                "requestPriority": "",
                "edgeRequestKeepAliveStatus": 1,
                "requestHeaderNames": {},
                "clientTcpRtt": 0,
                "clientQuicRtt": 17,
                "colo": "TLV",
                "asn": 12400,
                "asOrganization": "GOLDENLINES-NET-WAN",
                "country": "IL",
                "isEUCountry": false,
                "city": "Tel Aviv",
                "continent": "AS",
                "region": "Tel Aviv",
                "regionCode": "TA",
                "timezone": "Asia/Jerusalem",
                "longitude": "34.78057",
                "latitude": "32.08088",
                "tlsVersion": "TLSv1.3",
                "tlsCipher": "AEAD-AES128-GCM-SHA256",
                "tlsClientRandom": "LNlfm6NknoXDegYGSDTWbGteNyDcCSoOQ+CgsUEZxD8=",
                "tlsClientCiphersSha1": "3HTt3+R/6BL3zeALJDSq0pR1yOQ=",
                "tlsClientExtensionsSha1": "0KA0tTPVOZU30R6kz4jkvNjL6k8=",
                "tlsClientExtensionsSha1Le": "adzig7Vgp6oLBU3COZCJQoJNQds=",
                "tlsClientHelloLength": "1759",
                "tlsClientAuth": {
                    "certPresented": "0",
                    "certVerified": "NONE",
                    "certRevoked": "0",
                    "certIssuerDN": "",
                    "certSubjectDN": "",
                    "certIssuerDNRFC2253": "",
                    "certSubjectDNRFC2253": "",
                    "certIssuerDNLegacy": "",
                    "certSubjectDNLegacy": "",
                    "certSerial": "",
                    "certIssuerSerial": "",
                    "certSKI": "",
                    "certIssuerSKI": "",
                    "certFingerprintSHA1": "",
                    "certFingerprintSHA256": "",
                    "certNotBefore": "",
                    "certNotAfter": "",
                    "certRFC9440": "",
                    "certRFC9440TooLarge": false,
                    "certChainRFC9440": "",
                    "certChainRFC9440TooLarge": false
                },
                "verifiedBotCategory": "",
                "edgeL4": {
                    "deliveryRate": 92482
                }
            }
        },
        "response": {
            "status": 204
        }
    }
}
{
    "wallTime": 80,
    "cpuTime": 1,
    "truncated": false,
    "executionModel": "stateless",
    "outcome": "ok",
    "scriptVersion": {
        "id": "607e8a2b-8fd6-46d2-9331-08646331241f"
    },
    "scriptName": "smarta-api",
    "diagnosticsChannelEvents": [],
    "exceptions": [],
    "logs": [],
    "eventTimestamp": 1778425600359,
    "event": {
        "request": {
            "url": "https://smarta-api.smarta-api.workers.dev/api/admin/settlements",
            "method": "GET",
            "headers": {
                "accept": "*/*",
                "accept-encoding": "gzip, br",
                "accept-language": "he-IL,he;q=0.9,en-US;q=0.8,en;q=0.7",
                "authorization": "REDACTED",
                "cf-connecting-ip": "212.199.218.246",
                "cf-ipcountry": "IL",
                "cf-ray": "9f99d9623a317d3c",
                "cf-visitor": "{\"scheme\":\"https\"}",
                "connection": "Keep-Alive",
                "host": "smarta-api.smarta-api.workers.dev",
                "origin": "https://caplanim1967-sudo.github.io",
                "priority": "u=1, i",
                "sec-ch-ua": "\"Google Chrome\";v=\"147\", \"Not.A/Brand\";v=\"8\", \"Chromium\";v=\"147\"",
                "sec-ch-ua-mobile": "?0",
                "sec-ch-ua-platform": "\"Windows\"",
                "sec-fetch-dest": "empty",
                "sec-fetch-mode": "cors",
                "sec-fetch-site": "cross-site",
                "user-agent": "Mozilla/5.0 (Windows NT 10.0; Win64; x64) AppleWebKit/537.36 (KHTML, like Gecko) Chrome/147.0.0.0 Safari/537.36",
                "x-forwarded-proto": "https",
                "x-real-ip": "212.199.218.246"
            },
            "cf": {
                "httpProtocol": "HTTP/3",
                "clientAcceptEncoding": "gzip, deflate, br",
                "requestPriority": "",
                "edgeRequestKeepAliveStatus": 1,
                "requestHeaderNames": {},
                "clientTcpRtt": 0,
                "clientQuicRtt": 16,
                "colo": "TLV",
                "asn": 12400,
                "asOrganization": "GOLDENLINES-NET-WAN",
                "country": "IL",
                "isEUCountry": false,
                "city": "Tel Aviv",
                "continent": "AS",
                "region": "Tel Aviv",
                "regionCode": "TA",
                "timezone": "Asia/Jerusalem",
                "longitude": "34.78057",
                "latitude": "32.08088",
                "tlsVersion": "TLSv1.3",
                "tlsCipher": "AEAD-AES128-GCM-SHA256",
                "tlsClientRandom": "LNlfm6NknoXDegYGSDTWbGteNyDcCSoOQ+CgsUEZxD8=",
                "tlsClientCiphersSha1": "3HTt3+R/6BL3zeALJDSq0pR1yOQ=",
                "tlsClientExtensionsSha1": "0KA0tTPVOZU30R6kz4jkvNjL6k8=",
                "tlsClientExtensionsSha1Le": "adzig7Vgp6oLBU3COZCJQoJNQds=",
                "tlsClientHelloLength": "1759",
                "tlsClientAuth": {
                    "certPresented": "0",
                    "certVerified": "NONE",
                    "certRevoked": "0",
                    "certIssuerDN": "",
                    "certSubjectDN": "",
                    "certIssuerDNRFC2253": "",
                    "certSubjectDNRFC2253": "",
                    "certIssuerDNLegacy": "",
                    "certSubjectDNLegacy": "",
                    "certSerial": "",
                    "certIssuerSerial": "",
                    "certSKI": "",
                    "certIssuerSKI": "",
                    "certFingerprintSHA1": "",
                    "certFingerprintSHA256": "",
                    "certNotBefore": "",
                    "certNotAfter": "",
                    "certRFC9440": "",
                    "certRFC9440TooLarge": false,
                    "certChainRFC9440": "",
                    "certChainRFC9440TooLarge": false
                },
                "verifiedBotCategory": "",
                "edgeL4": {
                    "deliveryRate": 92482
                }
            }
        },
        "response": {
            "status": 200
        }
    }
}
{
    "wallTime": 0,
    "cpuTime": 0,
    "truncated": false,
    "executionModel": "stateless",
    "outcome": "ok",
    "scriptVersion": {
        "id": "607e8a2b-8fd6-46d2-9331-08646331241f"
    },
    "scriptName": "smarta-api",
    "diagnosticsChannelEvents": [],
    "exceptions": [],
    "logs": [],
    "eventTimestamp": 1778425600464,
    "event": {
        "request": {
            "url": "https://smarta-api.smarta-api.workers.dev/api/admin/lockers",
            "method": "OPTIONS",
            "headers": {
                "accept": "*/*",
                "accept-encoding": "gzip, br",
                "accept-language": "he-IL,he;q=0.9,en-US;q=0.8,en;q=0.7",
                "access-control-request-headers": "authorization",
                "access-control-request-method": "GET",
                "cf-connecting-ip": "212.199.218.246",
                "cf-ipcountry": "IL",
                "cf-ray": "9f99d962ea467d3c",
                "cf-visitor": "{\"scheme\":\"https\"}",
                "connection": "Keep-Alive",
                "host": "smarta-api.smarta-api.workers.dev",
                "origin": "https://caplanim1967-sudo.github.io",
                "priority": "u=1, i",
                "sec-fetch-dest": "empty",
                "sec-fetch-mode": "cors",
                "sec-fetch-site": "cross-site",
                "user-agent": "Mozilla/5.0 (Windows NT 10.0; Win64; x64) AppleWebKit/537.36 (KHTML, like Gecko) Chrome/147.0.0.0 Safari/537.36",
                "x-forwarded-proto": "https",
                "x-real-ip": "212.199.218.246"
            },
            "cf": {
                "httpProtocol": "HTTP/3",
                "clientAcceptEncoding": "gzip, deflate, br",
                "requestPriority": "",
                "edgeRequestKeepAliveStatus": 1,
                "requestHeaderNames": {},
                "clientTcpRtt": 0,
                "clientQuicRtt": 15,
                "colo": "TLV",
                "asn": 12400,
                "asOrganization": "GOLDENLINES-NET-WAN",
                "country": "IL",
                "isEUCountry": false,
                "city": "Tel Aviv",
                "continent": "AS",
                "region": "Tel Aviv",
                "regionCode": "TA",
                "timezone": "Asia/Jerusalem",
                "longitude": "34.78057",
                "latitude": "32.08088",
                "tlsVersion": "TLSv1.3",
                "tlsCipher": "AEAD-AES128-GCM-SHA256",
                "tlsClientRandom": "LNlfm6NknoXDegYGSDTWbGteNyDcCSoOQ+CgsUEZxD8=",
                "tlsClientCiphersSha1": "3HTt3+R/6BL3zeALJDSq0pR1yOQ=",
                "tlsClientExtensionsSha1": "0KA0tTPVOZU30R6kz4jkvNjL6k8=",
                "tlsClientExtensionsSha1Le": "adzig7Vgp6oLBU3COZCJQoJNQds=",
                "tlsClientHelloLength": "1759",
                "tlsClientAuth": {
                    "certPresented": "0",
                    "certVerified": "NONE",
                    "certRevoked": "0",
                    "certIssuerDN": "",
                    "certSubjectDN": "",
                    "certIssuerDNRFC2253": "",
                    "certSubjectDNRFC2253": "",
                    "certIssuerDNLegacy": "",
                    "certSubjectDNLegacy": "",
                    "certSerial": "",
                    "certIssuerSerial": "",
                    "certSKI": "",
                    "certIssuerSKI": "",
                    "certFingerprintSHA1": "",
                    "certFingerprintSHA256": "",
                    "certNotBefore": "",
                    "certNotAfter": "",
                    "certRFC9440": "",
                    "certRFC9440TooLarge": false,
                    "certChainRFC9440": "",
                    "certChainRFC9440TooLarge": false
                },
                "verifiedBotCategory": "",
                "edgeL4": {
                    "deliveryRate": 119805
                }
            }
        },
        "response": {
            "status": 204
        }
    }
}
{
    "wallTime": 73,
    "cpuTime": 0,
    "truncated": false,
    "executionModel": "stateless",
    "outcome": "ok",
    "scriptVersion": {
        "id": "607e8a2b-8fd6-46d2-9331-08646331241f"
    },
    "scriptName": "smarta-api",
    "diagnosticsChannelEvents": [],
    "exceptions": [],
    "logs": [],
    "eventTimestamp": 1778425600482,
    "event": {
        "request": {
            "url": "https://smarta-api.smarta-api.workers.dev/api/admin/lockers",
            "method": "GET",
            "headers": {
                "accept": "*/*",
                "accept-encoding": "gzip, br",
                "accept-language": "he-IL,he;q=0.9,en-US;q=0.8,en;q=0.7",
                "authorization": "REDACTED",
                "cf-connecting-ip": "212.199.218.246",
                "cf-ipcountry": "IL",
                "cf-ray": "9f99d962fa497d3c",
                "cf-visitor": "{\"scheme\":\"https\"}",
                "connection": "Keep-Alive",
                "host": "smarta-api.smarta-api.workers.dev",
                "origin": "https://caplanim1967-sudo.github.io",
                "priority": "u=1, i",
                "sec-ch-ua": "\"Google Chrome\";v=\"147\", \"Not.A/Brand\";v=\"8\", \"Chromium\";v=\"147\"",
                "sec-ch-ua-mobile": "?0",
                "sec-ch-ua-platform": "\"Windows\"",
                "sec-fetch-dest": "empty",
                "sec-fetch-mode": "cors",
                "sec-fetch-site": "cross-site",
                "user-agent": "Mozilla/5.0 (Windows NT 10.0; Win64; x64) AppleWebKit/537.36 (KHTML, like Gecko) Chrome/147.0.0.0 Safari/537.36",
                "x-forwarded-proto": "https",
                "x-real-ip": "212.199.218.246"
            },
            "cf": {
                "httpProtocol": "HTTP/3",
                "clientAcceptEncoding": "gzip, deflate, br",
                "requestPriority": "",
                "edgeRequestKeepAliveStatus": 1,
                "requestHeaderNames": {},
                "clientTcpRtt": 0,
                "clientQuicRtt": 15,
                "colo": "TLV",
                "asn": 12400,
                "asOrganization": "GOLDENLINES-NET-WAN",
                "country": "IL",
                "isEUCountry": false,
                "city": "Tel Aviv",
                "continent": "AS",
                "region": "Tel Aviv",
                "regionCode": "TA",
                "timezone": "Asia/Jerusalem",
                "longitude": "34.78057",
                "latitude": "32.08088",
                "tlsVersion": "TLSv1.3",
                "tlsCipher": "AEAD-AES128-GCM-SHA256",
                "tlsClientRandom": "LNlfm6NknoXDegYGSDTWbGteNyDcCSoOQ+CgsUEZxD8=",
                "tlsClientCiphersSha1": "3HTt3+R/6BL3zeALJDSq0pR1yOQ=",
                "tlsClientExtensionsSha1": "0KA0tTPVOZU30R6kz4jkvNjL6k8=",
                "tlsClientExtensionsSha1Le": "adzig7Vgp6oLBU3COZCJQoJNQds=",
                "tlsClientHelloLength": "1759",
                "tlsClientAuth": {
                    "certPresented": "0",
                    "certVerified": "NONE",
                    "certRevoked": "0",
                    "certIssuerDN": "",
                    "certSubjectDN": "",
                    "certIssuerDNRFC2253": "",
                    "certSubjectDNRFC2253": "",
                    "certIssuerDNLegacy": "",
                    "certSubjectDNLegacy": "",
                    "certSerial": "",
                    "certIssuerSerial": "",
                    "certSKI": "",
                    "certIssuerSKI": "",
                    "certFingerprintSHA1": "",
                    "certFingerprintSHA256": "",
                    "certNotBefore": "",
                    "certNotAfter": "",
                    "certRFC9440": "",
                    "certRFC9440TooLarge": false,
                    "certChainRFC9440": "",
                    "certChainRFC9440TooLarge": false
                },
                "verifiedBotCategory": "",
                "edgeL4": {
                    "deliveryRate": 119805
                }
            }
        },
        "response": {
            "status": 200
        }
    }
}
{
    "wallTime": 0,
    "cpuTime": 0,
    "truncated": false,
    "executionModel": "stateless",
    "outcome": "ok",
    "scriptVersion": {
        "id": "607e8a2b-8fd6-46d2-9331-08646331241f"
    },
    "scriptName": "smarta-api",
    "diagnosticsChannelEvents": [],
    "exceptions": [],
    "logs": [],
    "eventTimestamp": 1778425616021,
    "event": {
        "request": {
            "url": "https://smarta-api.smarta-api.workers.dev/api/admin/settlements/NIR-01",
            "method": "OPTIONS",
            "headers": {
                "accept": "*/*",
                "accept-encoding": "gzip, br",
                "accept-language": "he-IL,he;q=0.9,en-US;q=0.8,en;q=0.7",
                "access-control-request-headers": "authorization,content-type",
                "access-control-request-method": "PUT",
                "cf-connecting-ip": "212.199.218.246",
                "cf-ipcountry": "IL",
                "cf-ray": "9f99d9c41ed97d3c",
                "cf-visitor": "{\"scheme\":\"https\"}",
                "connection": "Keep-Alive",
                "host": "smarta-api.smarta-api.workers.dev",
                "origin": "https://caplanim1967-sudo.github.io",
                "priority": "u=1, i",
                "sec-fetch-dest": "empty",
                "sec-fetch-mode": "cors",
                "sec-fetch-site": "cross-site",
                "user-agent": "Mozilla/5.0 (Windows NT 10.0; Win64; x64) AppleWebKit/537.36 (KHTML, like Gecko) Chrome/147.0.0.0 Safari/537.36",
                "x-forwarded-proto": "https",
                "x-real-ip": "212.199.218.246"
            },
            "cf": {
                "httpProtocol": "HTTP/3",
                "clientAcceptEncoding": "gzip, deflate, br",
                "requestPriority": "",
                "edgeRequestKeepAliveStatus": 1,
                "requestHeaderNames": {},
                "clientTcpRtt": 0,
                "clientQuicRtt": 15,
                "colo": "TLV",
                "asn": 12400,
                "asOrganization": "GOLDENLINES-NET-WAN",
                "country": "IL",
                "isEUCountry": false,
                "city": "Tel Aviv",
                "continent": "AS",
                "region": "Tel Aviv",
                "regionCode": "TA",
                "timezone": "Asia/Jerusalem",
                "longitude": "34.78057",
                "latitude": "32.08088",
                "tlsVersion": "TLSv1.3",
                "tlsCipher": "AEAD-AES128-GCM-SHA256",
                "tlsClientRandom": "LNlfm6NknoXDegYGSDTWbGteNyDcCSoOQ+CgsUEZxD8=",
                "tlsClientCiphersSha1": "3HTt3+R/6BL3zeALJDSq0pR1yOQ=",
                "tlsClientExtensionsSha1": "0KA0tTPVOZU30R6kz4jkvNjL6k8=",
                "tlsClientExtensionsSha1Le": "adzig7Vgp6oLBU3COZCJQoJNQds=",
                "tlsClientHelloLength": "1759",
                "tlsClientAuth": {
                    "certPresented": "0",
                    "certVerified": "NONE",
                    "certRevoked": "0",
                    "certIssuerDN": "",
                    "certSubjectDN": "",
                    "certIssuerDNRFC2253": "",
                    "certSubjectDNRFC2253": "",
                    "certIssuerDNLegacy": "",
                    "certSubjectDNLegacy": "",
                    "certSerial": "",
                    "certIssuerSerial": "",
                    "certSKI": "",
                    "certIssuerSKI": "",
                    "certFingerprintSHA1": "",
                    "certFingerprintSHA256": "",
                    "certNotBefore": "",
                    "certNotAfter": "",
                    "certRFC9440": "",
                    "certRFC9440TooLarge": false,
                    "certChainRFC9440": "",
                    "certChainRFC9440TooLarge": false
                },
                "verifiedBotCategory": "",
                "edgeL4": {
                    "deliveryRate": 119805
                }
            }
        },
        "response": {
            "status": 204
        }
    }
}
{
    "wallTime": 81,
    "cpuTime": 0,
    "truncated": false,
    "executionModel": "stateless",
    "outcome": "ok",
    "scriptVersion": {
        "id": "607e8a2b-8fd6-46d2-9331-08646331241f"
    },
    "scriptName": "smarta-api",
    "diagnosticsChannelEvents": [],
    "exceptions": [],
    "logs": [],
    "eventTimestamp": 1778425616047,
    "event": {
        "request": {
            "url": "https://smarta-api.smarta-api.workers.dev/api/admin/settlements/NIR-01",
            "method": "PUT",
            "headers": {
                "accept": "*/*",
                "accept-encoding": "gzip, br",
                "accept-language": "he-IL,he;q=0.9,en-US;q=0.8,en;q=0.7",
                "authorization": "REDACTED",
                "cf-connecting-ip": "212.199.218.246",
                "cf-ipcountry": "IL",
                "cf-ray": "9f99d9c44edb7d3c",
                "cf-visitor": "{\"scheme\":\"https\"}",
                "connection": "Keep-Alive",
                "content-length": "89",
                "content-type": "application/json",
                "host": "smarta-api.smarta-api.workers.dev",
                "origin": "https://caplanim1967-sudo.github.io",
                "priority": "u=1, i",
                "sec-ch-ua": "\"Google Chrome\";v=\"147\", \"Not.A/Brand\";v=\"8\", \"Chromium\";v=\"147\"",
                "sec-ch-ua-mobile": "?0",
                "sec-ch-ua-platform": "\"Windows\"",
                "sec-fetch-dest": "empty",
                "sec-fetch-mode": "cors",
                "sec-fetch-site": "cross-site",
                "user-agent": "Mozilla/5.0 (Windows NT 10.0; Win64; x64) AppleWebKit/537.36 (KHTML, like Gecko) Chrome/147.0.0.0 Safari/537.36",
                "x-forwarded-proto": "https",
                "x-real-ip": "212.199.218.246"
            },
            "cf": {
                "httpProtocol": "HTTP/3",
                "clientAcceptEncoding": "gzip, deflate, br",
                "requestPriority": "",
                "edgeRequestKeepAliveStatus": 1,
                "requestHeaderNames": {},
                "clientTcpRtt": 0,
                "clientQuicRtt": 15,
                "colo": "TLV",
                "asn": 12400,
                "asOrganization": "GOLDENLINES-NET-WAN",
                "country": "IL",
                "isEUCountry": false,
                "city": "Tel Aviv",
                "continent": "AS",
                "region": "Tel Aviv",
                "regionCode": "TA",
                "timezone": "Asia/Jerusalem",
                "longitude": "34.78057",
                "latitude": "32.08088",
                "tlsVersion": "TLSv1.3",
                "tlsCipher": "AEAD-AES128-GCM-SHA256",
                "tlsClientRandom": "LNlfm6NknoXDegYGSDTWbGteNyDcCSoOQ+CgsUEZxD8=",
                "tlsClientCiphersSha1": "3HTt3+R/6BL3zeALJDSq0pR1yOQ=",
                "tlsClientExtensionsSha1": "0KA0tTPVOZU30R6kz4jkvNjL6k8=",
                "tlsClientExtensionsSha1Le": "adzig7Vgp6oLBU3COZCJQoJNQds=",
                "tlsClientHelloLength": "1759",
                "tlsClientAuth": {
                    "certPresented": "0",
                    "certVerified": "NONE",
                    "certRevoked": "0",
                    "certIssuerDN": "",
                    "certSubjectDN": "",
                    "certIssuerDNRFC2253": "",
                    "certSubjectDNRFC2253": "",
                    "certIssuerDNLegacy": "",
                    "certSubjectDNLegacy": "",
                    "certSerial": "",
                    "certIssuerSerial": "",
                    "certSKI": "",
                    "certIssuerSKI": "",
                    "certFingerprintSHA1": "",
                    "certFingerprintSHA256": "",
                    "certNotBefore": "",
                    "certNotAfter": "",
                    "certRFC9440": "",
                    "certRFC9440TooLarge": false,
                    "certChainRFC9440": "",
                    "certChainRFC9440TooLarge": false
                },
                "verifiedBotCategory": "",
                "edgeL4": {
                    "deliveryRate": 119805
                }
            }
        },
        "response": {
            "status": 200
        }
    }
}
{
    "wallTime": 0,
    "cpuTime": 0,
    "truncated": false,
    "executionModel": "stateless",
    "outcome": "ok",
    "scriptVersion": {
        "id": "607e8a2b-8fd6-46d2-9331-08646331241f"
    },
    "scriptName": "smarta-api",
    "diagnosticsChannelEvents": [],
    "exceptions": [],
    "logs": [],
    "eventTimestamp": 1778425646801,
    "event": {
        "request": {
            "url": "https://smarta-api.smarta-api.workers.dev/api/auth/login",
            "method": "OPTIONS",
            "headers": {
                "accept": "*/*",
                "accept-encoding": "gzip, br",
                "accept-language": "he-IL,he;q=0.9,en-US;q=0.8,en;q=0.7",
                "access-control-request-headers": "content-type",
                "access-control-request-method": "POST",
                "cf-connecting-ip": "212.199.218.246",
                "cf-ipcountry": "IL",
                "cf-ray": "9f99da847afd7d3c",
                "cf-visitor": "{\"scheme\":\"https\"}",
                "connection": "Keep-Alive",
                "host": "smarta-api.smarta-api.workers.dev",
                "origin": "https://caplanim1967-sudo.github.io",
                "priority": "u=1, i",
                "referer": "https://caplanim1967-sudo.github.io/",
                "sec-fetch-dest": "empty",
                "sec-fetch-mode": "cors",
                "sec-fetch-site": "cross-site",
                "user-agent": "Mozilla/5.0 (Windows NT 10.0; Win64; x64) AppleWebKit/537.36 (KHTML, like Gecko) Chrome/147.0.0.0 Safari/537.36",
                "x-forwarded-proto": "https",
                "x-real-ip": "212.199.218.246"
            },
            "cf": {
                "httpProtocol": "HTTP/3",
                "clientAcceptEncoding": "gzip, deflate, br",
                "requestPriority": "",
                "edgeRequestKeepAliveStatus": 1,
                "requestHeaderNames": {},
                "clientTcpRtt": 0,
                "clientQuicRtt": 23,
                "colo": "TLV",
                "asn": 12400,
                "asOrganization": "GOLDENLINES-NET-WAN",
                "country": "IL",
                "isEUCountry": false,
                "city": "Tel Aviv",
                "continent": "AS",
                "region": "Tel Aviv",
                "regionCode": "TA",
                "timezone": "Asia/Jerusalem",
                "longitude": "34.78057",
                "latitude": "32.08088",
                "tlsVersion": "TLSv1.3",
                "tlsCipher": "AEAD-AES128-GCM-SHA256",
                "tlsClientRandom": "t3xp+FKtmIcqH/iL77SjZnvy8LMm7Ib4iB3uMP5UUmY=",
                "tlsClientCiphersSha1": "3HTt3+R/6BL3zeALJDSq0pR1yOQ=",
                "tlsClientExtensionsSha1": "EnhXXLbLnLKB20dNphxmlQqIh+4=",
                "tlsClientExtensionsSha1Le": "1T176ennQ+YQBveez7Dwr/nvkAk=",
                "tlsClientHelloLength": "1757",
                "tlsClientAuth": {
                    "certPresented": "0",
                    "certVerified": "NONE",
                    "certRevoked": "0",
                    "certIssuerDN": "",
                    "certSubjectDN": "",
                    "certIssuerDNRFC2253": "",
                    "certSubjectDNRFC2253": "",
                    "certIssuerDNLegacy": "",
                    "certSubjectDNLegacy": "",
                    "certSerial": "",
                    "certIssuerSerial": "",
                    "certSKI": "",
                    "certIssuerSKI": "",
                    "certFingerprintSHA1": "",
                    "certFingerprintSHA256": "",
                    "certNotBefore": "",
                    "certNotAfter": "",
                    "certRFC9440": "",
                    "certRFC9440TooLarge": false,
                    "certChainRFC9440": "",
                    "certChainRFC9440TooLarge": false
                },
                "verifiedBotCategory": "",
                "edgeL4": {
                    "deliveryRate": 55925
                }
            }
        },
        "response": {
            "status": 204
        }
    }
}
{
    "wallTime": 143,
    "cpuTime": 1,
    "truncated": false,
    "executionModel": "stateless",
    "outcome": "ok",
    "scriptVersion": {
        "id": "607e8a2b-8fd6-46d2-9331-08646331241f"
    },
    "scriptName": "smarta-api",
    "diagnosticsChannelEvents": [],
    "exceptions": [],
    "logs": [],
    "eventTimestamp": 1778425646847,
    "event": {
        "request": {
            "url": "https://smarta-api.smarta-api.workers.dev/api/auth/login",
            "method": "POST",
            "headers": {
                "accept": "*/*",
                "accept-encoding": "gzip, br",
                "accept-language": "he-IL,he;q=0.9,en-US;q=0.8,en;q=0.7",
                "cf-connecting-ip": "212.199.218.246",
                "cf-ipcountry": "IL",
                "cf-ray": "9f99da849afe7d3c",
                "cf-visitor": "{\"scheme\":\"https\"}",
                "connection": "Keep-Alive",
                "content-length": "47",
                "content-type": "application/json",
                "host": "smarta-api.smarta-api.workers.dev",
                "origin": "https://caplanim1967-sudo.github.io",
                "priority": "u=1, i",
                "referer": "https://caplanim1967-sudo.github.io/",
                "sec-ch-ua": "\"Google Chrome\";v=\"147\", \"Not.A/Brand\";v=\"8\", \"Chromium\";v=\"147\"",
                "sec-ch-ua-mobile": "?0",
                "sec-ch-ua-platform": "\"Windows\"",
                "sec-fetch-dest": "empty",
                "sec-fetch-mode": "cors",
                "sec-fetch-site": "cross-site",
                "user-agent": "Mozilla/5.0 (Windows NT 10.0; Win64; x64) AppleWebKit/537.36 (KHTML, like Gecko) Chrome/147.0.0.0 Safari/537.36",
                "x-forwarded-proto": "https",
                "x-real-ip": "212.199.218.246"
            },
            "cf": {
                "httpProtocol": "HTTP/3",
                "clientAcceptEncoding": "gzip, deflate, br",
                "requestPriority": "",
                "edgeRequestKeepAliveStatus": 1,
                "requestHeaderNames": {},
                "clientTcpRtt": 0,
                "clientQuicRtt": 16,
                "colo": "TLV",
                "asn": 12400,
                "asOrganization": "GOLDENLINES-NET-WAN",
                "country": "IL",
                "isEUCountry": false,
                "city": "Tel Aviv",
                "continent": "AS",
                "region": "Tel Aviv",
                "regionCode": "TA",
                "timezone": "Asia/Jerusalem",
                "longitude": "34.78057",
                "latitude": "32.08088",
                "tlsVersion": "TLSv1.3",
                "tlsCipher": "AEAD-AES128-GCM-SHA256",
                "tlsClientRandom": "t3xp+FKtmIcqH/iL77SjZnvy8LMm7Ib4iB3uMP5UUmY=",
                "tlsClientCiphersSha1": "3HTt3+R/6BL3zeALJDSq0pR1yOQ=",
                "tlsClientExtensionsSha1": "EnhXXLbLnLKB20dNphxmlQqIh+4=",
                "tlsClientExtensionsSha1Le": "1T176ennQ+YQBveez7Dwr/nvkAk=",
                "tlsClientHelloLength": "1757",
                "tlsClientAuth": {
                    "certPresented": "0",
                    "certVerified": "NONE",
                    "certRevoked": "0",
                    "certIssuerDN": "",
                    "certSubjectDN": "",
                    "certIssuerDNRFC2253": "",
                    "certSubjectDNRFC2253": "",
                    "certIssuerDNLegacy": "",
                    "certSubjectDNLegacy": "",
                    "certSerial": "",
                    "certIssuerSerial": "",
                    "certSKI": "",
                    "certIssuerSKI": "",
                    "certFingerprintSHA1": "",
                    "certFingerprintSHA256": "",
                    "certNotBefore": "",
                    "certNotAfter": "",
                    "certRFC9440": "",
                    "certRFC9440TooLarge": false,
                    "certChainRFC9440": "",
                    "certChainRFC9440TooLarge": false
                },
                "verifiedBotCategory": "",
                "edgeL4": {
                    "deliveryRate": 71287
                }
            }
        },
        "response": {
            "status": 200
        }
    }
}
{
    "wallTime": 0,
    "cpuTime": 0,
    "truncated": false,
    "executionModel": "stateless",
    "outcome": "ok",
    "scriptVersion": {
        "id": "607e8a2b-8fd6-46d2-9331-08646331241f"
    },
    "scriptName": "smarta-api",
    "diagnosticsChannelEvents": [],
    "exceptions": [],
    "logs": [],
    "eventTimestamp": 1778425647265,
    "event": {
        "request": {
            "url": "https://smarta-api.smarta-api.workers.dev/api/locker",
            "method": "OPTIONS",
            "headers": {
                "accept": "*/*",
                "accept-encoding": "gzip, br",
                "accept-language": "he-IL,he;q=0.9,en-US;q=0.8,en;q=0.7",
                "access-control-request-headers": "authorization",
                "access-control-request-method": "GET",
                "cf-connecting-ip": "212.199.218.246",
                "cf-ipcountry": "IL",
                "cf-ray": "9f99da876b367d3c",
                "cf-visitor": "{\"scheme\":\"https\"}",
                "connection": "Keep-Alive",
                "host": "smarta-api.smarta-api.workers.dev",
                "origin": "https://caplanim1967-sudo.github.io",
                "priority": "u=1, i",
                "sec-fetch-dest": "empty",
                "sec-fetch-mode": "cors",
                "sec-fetch-site": "cross-site",
                "user-agent": "Mozilla/5.0 (Windows NT 10.0; Win64; x64) AppleWebKit/537.36 (KHTML, like Gecko) Chrome/147.0.0.0 Safari/537.36",
                "x-forwarded-proto": "https",
                "x-real-ip": "212.199.218.246"
            },
            "cf": {
                "httpProtocol": "HTTP/3",
                "clientAcceptEncoding": "gzip, deflate, br",
                "requestPriority": "",
                "edgeRequestKeepAliveStatus": 1,
                "requestHeaderNames": {},
                "clientTcpRtt": 0,
                "clientQuicRtt": 15,
                "colo": "TLV",
                "asn": 12400,
                "asOrganization": "GOLDENLINES-NET-WAN",
                "country": "IL",
                "isEUCountry": false,
                "city": "Tel Aviv",
                "continent": "AS",
                "region": "Tel Aviv",
                "regionCode": "TA",
                "timezone": "Asia/Jerusalem",
                "longitude": "34.78057",
                "latitude": "32.08088",
                "tlsVersion": "TLSv1.3",
                "tlsCipher": "AEAD-AES128-GCM-SHA256",
                "tlsClientRandom": "t3xp+FKtmIcqH/iL77SjZnvy8LMm7Ib4iB3uMP5UUmY=",
                "tlsClientCiphersSha1": "3HTt3+R/6BL3zeALJDSq0pR1yOQ=",
                "tlsClientExtensionsSha1": "EnhXXLbLnLKB20dNphxmlQqIh+4=",
                "tlsClientExtensionsSha1Le": "1T176ennQ+YQBveez7Dwr/nvkAk=",
                "tlsClientHelloLength": "1757",
                "tlsClientAuth": {
                    "certPresented": "0",
                    "certVerified": "NONE",
                    "certRevoked": "0",
                    "certIssuerDN": "",
                    "certSubjectDN": "",
                    "certIssuerDNRFC2253": "",
                    "certSubjectDNRFC2253": "",
                    "certIssuerDNLegacy": "",
                    "certSubjectDNLegacy": "",
                    "certSerial": "",
                    "certIssuerSerial": "",
                    "certSKI": "",
                    "certIssuerSKI": "",
                    "certFingerprintSHA1": "",
                    "certFingerprintSHA256": "",
                    "certNotBefore": "",
                    "certNotAfter": "",
                    "certRFC9440": "",
                    "certRFC9440TooLarge": false,
                    "certChainRFC9440": "",
                    "certChainRFC9440TooLarge": false
                },
                "verifiedBotCategory": "",
                "edgeL4": {
                    "deliveryRate": 71287
                }
            }
        },
        "response": {
            "status": 204
        }
    }
}
{
    "wallTime": 72,
    "cpuTime": 1,
    "truncated": false,
    "executionModel": "stateless",
    "outcome": "ok",
    "scriptVersion": {
        "id": "607e8a2b-8fd6-46d2-9331-08646331241f"
    },
    "scriptName": "smarta-api",
    "diagnosticsChannelEvents": [],
    "exceptions": [],
    "logs": [],
    "eventTimestamp": 1778425647283,
    "event": {
        "request": {
            "url": "https://smarta-api.smarta-api.workers.dev/api/locker",
            "method": "GET",
            "headers": {
                "accept": "*/*",
                "accept-encoding": "gzip, br",
                "accept-language": "he-IL,he;q=0.9,en-US;q=0.8,en;q=0.7",
                "authorization": "REDACTED",
                "cf-connecting-ip": "212.199.218.246",
                "cf-ipcountry": "IL",
                "cf-ray": "9f99da878b3b7d3c",
                "cf-visitor": "{\"scheme\":\"https\"}",
                "connection": "Keep-Alive",
                "host": "smarta-api.smarta-api.workers.dev",
                "origin": "https://caplanim1967-sudo.github.io",
                "priority": "u=1, i",
                "sec-ch-ua": "\"Google Chrome\";v=\"147\", \"Not.A/Brand\";v=\"8\", \"Chromium\";v=\"147\"",
                "sec-ch-ua-mobile": "?0",
                "sec-ch-ua-platform": "\"Windows\"",
                "sec-fetch-dest": "empty",
                "sec-fetch-mode": "cors",
                "sec-fetch-site": "cross-site",
                "user-agent": "Mozilla/5.0 (Windows NT 10.0; Win64; x64) AppleWebKit/537.36 (KHTML, like Gecko) Chrome/147.0.0.0 Safari/537.36",
                "x-forwarded-proto": "https",
                "x-real-ip": "212.199.218.246"
            },
            "cf": {
                "httpProtocol": "HTTP/3",
                "clientAcceptEncoding": "gzip, deflate, br",
                "requestPriority": "",
                "edgeRequestKeepAliveStatus": 1,
                "requestHeaderNames": {},
                "clientTcpRtt": 0,
                "clientQuicRtt": 15,
                "colo": "TLV",
                "asn": 12400,
                "asOrganization": "GOLDENLINES-NET-WAN",
                "country": "IL",
                "isEUCountry": false,
                "city": "Tel Aviv",
                "continent": "AS",
                "region": "Tel Aviv",
                "regionCode": "TA",
                "timezone": "Asia/Jerusalem",
                "longitude": "34.78057",
                "latitude": "32.08088",
                "tlsVersion": "TLSv1.3",
                "tlsCipher": "AEAD-AES128-GCM-SHA256",
                "tlsClientRandom": "t3xp+FKtmIcqH/iL77SjZnvy8LMm7Ib4iB3uMP5UUmY=",
                "tlsClientCiphersSha1": "3HTt3+R/6BL3zeALJDSq0pR1yOQ=",
                "tlsClientExtensionsSha1": "EnhXXLbLnLKB20dNphxmlQqIh+4=",
                "tlsClientExtensionsSha1Le": "1T176ennQ+YQBveez7Dwr/nvkAk=",
                "tlsClientHelloLength": "1757",
                "tlsClientAuth": {
                    "certPresented": "0",
                    "certVerified": "NONE",
                    "certRevoked": "0",
                    "certIssuerDN": "",
                    "certSubjectDN": "",
                    "certIssuerDNRFC2253": "",
                    "certSubjectDNRFC2253": "",
                    "certIssuerDNLegacy": "",
                    "certSubjectDNLegacy": "",
                    "certSerial": "",
                    "certIssuerSerial": "",
                    "certSKI": "",
                    "certIssuerSKI": "",
                    "certFingerprintSHA1": "",
                    "certFingerprintSHA256": "",
                    "certNotBefore": "",
                    "certNotAfter": "",
                    "certRFC9440": "",
                    "certRFC9440TooLarge": false,
                    "certChainRFC9440": "",
                    "certChainRFC9440TooLarge": false
                },
                "verifiedBotCategory": "",
                "edgeL4": {
                    "deliveryRate": 71287
                }
            }
        },
        "response": {
            "status": 200
        }
    }
}
{
    "wallTime": 0,
    "cpuTime": 0,
    "truncated": false,
    "executionModel": "stateless",
    "outcome": "ok",
    "scriptVersion": {
        "id": "607e8a2b-8fd6-46d2-9331-08646331241f"
    },
    "scriptName": "smarta-api",
    "diagnosticsChannelEvents": [],
    "exceptions": [],
    "logs": [],
    "eventTimestamp": 1778425647376,
    "event": {
        "request": {
            "url": "https://smarta-api.smarta-api.workers.dev/api/packages?status=waiting",
            "method": "OPTIONS",
            "headers": {
                "accept": "*/*",
                "accept-encoding": "gzip, br",
                "accept-language": "he-IL,he;q=0.9,en-US;q=0.8,en;q=0.7",
                "access-control-request-headers": "authorization",
                "access-control-request-method": "GET",
                "cf-connecting-ip": "212.199.218.246",
                "cf-ipcountry": "IL",
                "cf-ray": "9f99da881b4c7d3c",
                "cf-visitor": "{\"scheme\":\"https\"}",
                "connection": "Keep-Alive",
                "host": "smarta-api.smarta-api.workers.dev",
                "origin": "https://caplanim1967-sudo.github.io",
                "priority": "u=1, i",
                "sec-fetch-dest": "empty",
                "sec-fetch-mode": "cors",
                "sec-fetch-site": "cross-site",
                "user-agent": "Mozilla/5.0 (Windows NT 10.0; Win64; x64) AppleWebKit/537.36 (KHTML, like Gecko) Chrome/147.0.0.0 Safari/537.36",
                "x-forwarded-proto": "https",
                "x-real-ip": "212.199.218.246"
            },
            "cf": {
                "httpProtocol": "HTTP/3",
                "clientAcceptEncoding": "gzip, deflate, br",
                "requestPriority": "",
                "edgeRequestKeepAliveStatus": 1,
                "requestHeaderNames": {},
                "clientTcpRtt": 0,
                "clientQuicRtt": 14,
                "colo": "TLV",
                "asn": 12400,
                "asOrganization": "GOLDENLINES-NET-WAN",
                "country": "IL",
                "isEUCountry": false,
                "city": "Tel Aviv",
                "continent": "AS",
                "region": "Tel Aviv",
                "regionCode": "TA",
                "timezone": "Asia/Jerusalem",
                "longitude": "34.78057",
                "latitude": "32.08088",
                "tlsVersion": "TLSv1.3",
                "tlsCipher": "AEAD-AES128-GCM-SHA256",
                "tlsClientRandom": "t3xp+FKtmIcqH/iL77SjZnvy8LMm7Ib4iB3uMP5UUmY=",
                "tlsClientCiphersSha1": "3HTt3+R/6BL3zeALJDSq0pR1yOQ=",
                "tlsClientExtensionsSha1": "EnhXXLbLnLKB20dNphxmlQqIh+4=",
                "tlsClientExtensionsSha1Le": "1T176ennQ+YQBveez7Dwr/nvkAk=",
                "tlsClientHelloLength": "1757",
                "tlsClientAuth": {
                    "certPresented": "0",
                    "certVerified": "NONE",
                    "certRevoked": "0",
                    "certIssuerDN": "",
                    "certSubjectDN": "",
                    "certIssuerDNRFC2253": "",
                    "certSubjectDNRFC2253": "",
                    "certIssuerDNLegacy": "",
                    "certSubjectDNLegacy": "",
                    "certSerial": "",
                    "certIssuerSerial": "",
                    "certSKI": "",
                    "certIssuerSKI": "",
                    "certFingerprintSHA1": "",
                    "certFingerprintSHA256": "",
                    "certNotBefore": "",
                    "certNotAfter": "",
                    "certRFC9440": "",
                    "certRFC9440TooLarge": false,
                    "certChainRFC9440": "",
                    "certChainRFC9440TooLarge": false
                },
                "verifiedBotCategory": "",
                "edgeL4": {
                    "deliveryRate": 71287
                }
            }
        },
        "response": {
            "status": 204
        }
    }
}
{
    "wallTime": 0,
    "cpuTime": 0,
    "truncated": false,
    "executionModel": "stateless",
    "outcome": "ok",
    "scriptVersion": {
        "id": "607e8a2b-8fd6-46d2-9331-08646331241f"
    },
    "scriptName": "smarta-api",
    "diagnosticsChannelEvents": [],
    "exceptions": [],
    "logs": [],
    "eventTimestamp": 1778425647375,
    "event": {
        "request": {
            "url": "https://smarta-api.smarta-api.workers.dev/api/residents",
            "method": "OPTIONS",
            "headers": {
                "accept": "*/*",
                "accept-encoding": "gzip, br",
                "accept-language": "he-IL,he;q=0.9,en-US;q=0.8,en;q=0.7",
                "access-control-request-headers": "authorization",
                "access-control-request-method": "GET",
                "cf-connecting-ip": "212.199.218.246",
                "cf-ipcountry": "IL",
                "cf-ray": "9f99da881b4b7d3c",
                "cf-visitor": "{\"scheme\":\"https\"}",
                "connection": "Keep-Alive",
                "host": "smarta-api.smarta-api.workers.dev",
                "origin": "https://caplanim1967-sudo.github.io",
                "priority": "u=1, i",
                "sec-fetch-dest": "empty",
                "sec-fetch-mode": "cors",
                "sec-fetch-site": "cross-site",
                "user-agent": "Mozilla/5.0 (Windows NT 10.0; Win64; x64) AppleWebKit/537.36 (KHTML, like Gecko) Chrome/147.0.0.0 Safari/537.36",
                "x-forwarded-proto": "https",
                "x-real-ip": "212.199.218.246"
            },
            "cf": {
                "httpProtocol": "HTTP/3",
                "clientAcceptEncoding": "gzip, deflate, br",
                "requestPriority": "",
                "edgeRequestKeepAliveStatus": 1,
                "requestHeaderNames": {},
                "clientTcpRtt": 0,
                "clientQuicRtt": 14,
                "colo": "TLV",
                "asn": 12400,
                "asOrganization": "GOLDENLINES-NET-WAN",
                "country": "IL",
                "isEUCountry": false,
                "city": "Tel Aviv",
                "continent": "AS",
                "region": "Tel Aviv",
                "regionCode": "TA",
                "timezone": "Asia/Jerusalem",
                "longitude": "34.78057",
                "latitude": "32.08088",
                "tlsVersion": "TLSv1.3",
                "tlsCipher": "AEAD-AES128-GCM-SHA256",
                "tlsClientRandom": "t3xp+FKtmIcqH/iL77SjZnvy8LMm7Ib4iB3uMP5UUmY=",
                "tlsClientCiphersSha1": "3HTt3+R/6BL3zeALJDSq0pR1yOQ=",
                "tlsClientExtensionsSha1": "EnhXXLbLnLKB20dNphxmlQqIh+4=",
                "tlsClientExtensionsSha1Le": "1T176ennQ+YQBveez7Dwr/nvkAk=",
                "tlsClientHelloLength": "1757",
                "tlsClientAuth": {
                    "certPresented": "0",
                    "certVerified": "NONE",
                    "certRevoked": "0",
                    "certIssuerDN": "",
                    "certSubjectDN": "",
                    "certIssuerDNRFC2253": "",
                    "certSubjectDNRFC2253": "",
                    "certIssuerDNLegacy": "",
                    "certSubjectDNLegacy": "",
                    "certSerial": "",
                    "certIssuerSerial": "",
                    "certSKI": "",
                    "certIssuerSKI": "",
                    "certFingerprintSHA1": "",
                    "certFingerprintSHA256": "",
                    "certNotBefore": "",
                    "certNotAfter": "",
                    "certRFC9440": "",
                    "certRFC9440TooLarge": false,
                    "certChainRFC9440": "",
                    "certChainRFC9440TooLarge": false
                },
                "verifiedBotCategory": "",
                "edgeL4": {
                    "deliveryRate": 71287
                }
            }
        },
        "response": {
            "status": 204
        }
    }
}
{
    "wallTime": 0,
    "cpuTime": 0,
    "truncated": false,
    "executionModel": "stateless",
    "outcome": "ok",
    "scriptVersion": {
        "id": "607e8a2b-8fd6-46d2-9331-08646331241f"
    },
    "scriptName": "smarta-api",
    "diagnosticsChannelEvents": [],
    "exceptions": [],
    "logs": [],
    "eventTimestamp": 1778425647376,
    "event": {
        "request": {
            "url": "https://smarta-api.smarta-api.workers.dev/api/cells",
            "method": "OPTIONS",
            "headers": {
                "accept": "*/*",
                "accept-encoding": "gzip, br",
                "accept-language": "he-IL,he;q=0.9,en-US;q=0.8,en;q=0.7",
                "access-control-request-headers": "authorization",
                "access-control-request-method": "GET",
                "cf-connecting-ip": "212.199.218.246",
                "cf-ipcountry": "IL",
                "cf-ray": "9f99da881b4e7d3c",
                "cf-visitor": "{\"scheme\":\"https\"}",
                "connection": "Keep-Alive",
                "host": "smarta-api.smarta-api.workers.dev",
                "origin": "https://caplanim1967-sudo.github.io",
                "priority": "u=1, i",
                "sec-fetch-dest": "empty",
                "sec-fetch-mode": "cors",
                "sec-fetch-site": "cross-site",
                "user-agent": "Mozilla/5.0 (Windows NT 10.0; Win64; x64) AppleWebKit/537.36 (KHTML, like Gecko) Chrome/147.0.0.0 Safari/537.36",
                "x-forwarded-proto": "https",
                "x-real-ip": "212.199.218.246"
            },
            "cf": {
                "httpProtocol": "HTTP/3",
                "clientAcceptEncoding": "gzip, deflate, br",
                "requestPriority": "",
                "edgeRequestKeepAliveStatus": 1,
                "requestHeaderNames": {},
                "clientTcpRtt": 0,
                "clientQuicRtt": 14,
                "colo": "TLV",
                "asn": 12400,
                "asOrganization": "GOLDENLINES-NET-WAN",
                "country": "IL",
                "isEUCountry": false,
                "city": "Tel Aviv",
                "continent": "AS",
                "region": "Tel Aviv",
                "regionCode": "TA",
                "timezone": "Asia/Jerusalem",
                "longitude": "34.78057",
                "latitude": "32.08088",
                "tlsVersion": "TLSv1.3",
                "tlsCipher": "AEAD-AES128-GCM-SHA256",
                "tlsClientRandom": "t3xp+FKtmIcqH/iL77SjZnvy8LMm7Ib4iB3uMP5UUmY=",
                "tlsClientCiphersSha1": "3HTt3+R/6BL3zeALJDSq0pR1yOQ=",
                "tlsClientExtensionsSha1": "EnhXXLbLnLKB20dNphxmlQqIh+4=",
                "tlsClientExtensionsSha1Le": "1T176ennQ+YQBveez7Dwr/nvkAk=",
                "tlsClientHelloLength": "1757",
                "tlsClientAuth": {
                    "certPresented": "0",
                    "certVerified": "NONE",
                    "certRevoked": "0",
                    "certIssuerDN": "",
                    "certSubjectDN": "",
                    "certIssuerDNRFC2253": "",
                    "certSubjectDNRFC2253": "",
                    "certIssuerDNLegacy": "",
                    "certSubjectDNLegacy": "",
                    "certSerial": "",
                    "certIssuerSerial": "",
                    "certSKI": "",
                    "certIssuerSKI": "",
                    "certFingerprintSHA1": "",
                    "certFingerprintSHA256": "",
                    "certNotBefore": "",
                    "certNotAfter": "",
                    "certRFC9440": "",
                    "certRFC9440TooLarge": false,
                    "certChainRFC9440": "",
                    "certChainRFC9440TooLarge": false
                },
                "verifiedBotCategory": "",
                "edgeL4": {
                    "deliveryRate": 71287
                }
            }
        },
        "response": {
            "status": 204
        }
    }
}
{
    "wallTime": 0,
    "cpuTime": 0,
    "truncated": false,
    "executionModel": "stateless",
    "outcome": "ok",
    "scriptVersion": {
        "id": "607e8a2b-8fd6-46d2-9331-08646331241f"
    },
    "scriptName": "smarta-api",
    "diagnosticsChannelEvents": [],
    "exceptions": [],
    "logs": [],
    "eventTimestamp": 1778425647376,
    "event": {
        "request": {
            "url": "https://smarta-api.smarta-api.workers.dev/api/settings/messages",
            "method": "OPTIONS",
            "headers": {
                "accept": "*/*",
                "accept-encoding": "gzip, br",
                "accept-language": "he-IL,he;q=0.9,en-US;q=0.8,en;q=0.7",
                "access-control-request-headers": "authorization",
                "access-control-request-method": "GET",
                "cf-connecting-ip": "212.199.218.246",
                "cf-ipcountry": "IL",
                "cf-ray": "9f99da881b4d7d3c",
                "cf-visitor": "{\"scheme\":\"https\"}",
                "connection": "Keep-Alive",
                "host": "smarta-api.smarta-api.workers.dev",
                "origin": "https://caplanim1967-sudo.github.io",
                "priority": "u=1, i",
                "sec-fetch-dest": "empty",
                "sec-fetch-mode": "cors",
                "sec-fetch-site": "cross-site",
                "user-agent": "Mozilla/5.0 (Windows NT 10.0; Win64; x64) AppleWebKit/537.36 (KHTML, like Gecko) Chrome/147.0.0.0 Safari/537.36",
                "x-forwarded-proto": "https",
                "x-real-ip": "212.199.218.246"
            },
            "cf": {
                "httpProtocol": "HTTP/3",
                "clientAcceptEncoding": "gzip, deflate, br",
                "requestPriority": "",
                "edgeRequestKeepAliveStatus": 1,
                "requestHeaderNames": {},
                "clientTcpRtt": 0,
                "clientQuicRtt": 14,
                "colo": "TLV",
                "asn": 12400,
                "asOrganization": "GOLDENLINES-NET-WAN",
                "country": "IL",
                "isEUCountry": false,
                "city": "Tel Aviv",
                "continent": "AS",
                "region": "Tel Aviv",
                "regionCode": "TA",
                "timezone": "Asia/Jerusalem",
                "longitude": "34.78057",
                "latitude": "32.08088",
                "tlsVersion": "TLSv1.3",
                "tlsCipher": "AEAD-AES128-GCM-SHA256",
                "tlsClientRandom": "t3xp+FKtmIcqH/iL77SjZnvy8LMm7Ib4iB3uMP5UUmY=",
                "tlsClientCiphersSha1": "3HTt3+R/6BL3zeALJDSq0pR1yOQ=",
                "tlsClientExtensionsSha1": "EnhXXLbLnLKB20dNphxmlQqIh+4=",
                "tlsClientExtensionsSha1Le": "1T176ennQ+YQBveez7Dwr/nvkAk=",
                "tlsClientHelloLength": "1757",
                "tlsClientAuth": {
                    "certPresented": "0",
                    "certVerified": "NONE",
                    "certRevoked": "0",
                    "certIssuerDN": "",
                    "certSubjectDN": "",
                    "certIssuerDNRFC2253": "",
                    "certSubjectDNRFC2253": "",
                    "certIssuerDNLegacy": "",
                    "certSubjectDNLegacy": "",
                    "certSerial": "",
                    "certIssuerSerial": "",
                    "certSKI": "",
                    "certIssuerSKI": "",
                    "certFingerprintSHA1": "",
                    "certFingerprintSHA256": "",
                    "certNotBefore": "",
                    "certNotAfter": "",
                    "certRFC9440": "",
                    "certRFC9440TooLarge": false,
                    "certChainRFC9440": "",
                    "certChainRFC9440TooLarge": false
                },
                "verifiedBotCategory": "",
                "edgeL4": {
                    "deliveryRate": 71287
                }
            }
        },
        "response": {
            "status": 204
        }
    }
}
{
    "wallTime": 70,
    "cpuTime": 0,
    "truncated": false,
    "executionModel": "stateless",
    "outcome": "ok",
    "scriptVersion": {
        "id": "607e8a2b-8fd6-46d2-9331-08646331241f"
    },
    "scriptName": "smarta-api",
    "diagnosticsChannelEvents": [],
    "exceptions": [],
    "logs": [],
    "eventTimestamp": 1778425647392,
    "event": {
        "request": {
            "url": "https://smarta-api.smarta-api.workers.dev/api/settings/messages",
            "method": "GET",
            "headers": {
                "accept": "*/*",
                "accept-encoding": "gzip, br",
                "accept-language": "he-IL,he;q=0.9,en-US;q=0.8,en;q=0.7",
                "authorization": "REDACTED",
                "cf-connecting-ip": "212.199.218.246",
                "cf-ipcountry": "IL",
                "cf-ray": "9f99da883b517d3c",
                "cf-visitor": "{\"scheme\":\"https\"}",
                "connection": "Keep-Alive",
                "host": "smarta-api.smarta-api.workers.dev",
                "origin": "https://caplanim1967-sudo.github.io",
                "priority": "u=1, i",
                "sec-ch-ua": "\"Google Chrome\";v=\"147\", \"Not.A/Brand\";v=\"8\", \"Chromium\";v=\"147\"",
                "sec-ch-ua-mobile": "?0",
                "sec-ch-ua-platform": "\"Windows\"",
                "sec-fetch-dest": "empty",
                "sec-fetch-mode": "cors",
                "sec-fetch-site": "cross-site",
                "user-agent": "Mozilla/5.0 (Windows NT 10.0; Win64; x64) AppleWebKit/537.36 (KHTML, like Gecko) Chrome/147.0.0.0 Safari/537.36",
                "x-forwarded-proto": "https",
                "x-real-ip": "212.199.218.246"
            },
            "cf": {
                "httpProtocol": "HTTP/3",
                "clientAcceptEncoding": "gzip, deflate, br",
                "requestPriority": "",
                "edgeRequestKeepAliveStatus": 1,
                "requestHeaderNames": {},
                "clientTcpRtt": 0,
                "clientQuicRtt": 12,
                "colo": "TLV",
                "asn": 12400,
                "asOrganization": "GOLDENLINES-NET-WAN",
                "country": "IL",
                "isEUCountry": false,
                "city": "Tel Aviv",
                "continent": "AS",
                "region": "Tel Aviv",
                "regionCode": "TA",
                "timezone": "Asia/Jerusalem",
                "longitude": "34.78057",
                "latitude": "32.08088",
                "tlsVersion": "TLSv1.3",
                "tlsCipher": "AEAD-AES128-GCM-SHA256",
                "tlsClientRandom": "t3xp+FKtmIcqH/iL77SjZnvy8LMm7Ib4iB3uMP5UUmY=",
                "tlsClientCiphersSha1": "3HTt3+R/6BL3zeALJDSq0pR1yOQ=",
                "tlsClientExtensionsSha1": "EnhXXLbLnLKB20dNphxmlQqIh+4=",
                "tlsClientExtensionsSha1Le": "1T176ennQ+YQBveez7Dwr/nvkAk=",
                "tlsClientHelloLength": "1757",
                "tlsClientAuth": {
                    "certPresented": "0",
                    "certVerified": "NONE",
                    "certRevoked": "0",
                    "certIssuerDN": "",
                    "certSubjectDN": "",
                    "certIssuerDNRFC2253": "",
                    "certSubjectDNRFC2253": "",
                    "certIssuerDNLegacy": "",
                    "certSubjectDNLegacy": "",
                    "certSerial": "",
                    "certIssuerSerial": "",
                    "certSKI": "",
                    "certIssuerSKI": "",
                    "certFingerprintSHA1": "",
                    "certFingerprintSHA256": "",
                    "certNotBefore": "",
                    "certNotAfter": "",
                    "certRFC9440": "",
                    "certRFC9440TooLarge": false,
                    "certChainRFC9440": "",
                    "certChainRFC9440TooLarge": false
                },
                "verifiedBotCategory": "",
                "edgeL4": {
                    "deliveryRate": 209233
                }
            }
        },
        "response": {
            "status": 200
        }
    }
}
{
    "wallTime": 72,
    "cpuTime": 0,
    "truncated": false,
    "executionModel": "stateless",
    "outcome": "ok",
    "scriptVersion": {
        "id": "607e8a2b-8fd6-46d2-9331-08646331241f"
    },
    "scriptName": "smarta-api",
    "diagnosticsChannelEvents": [],
    "exceptions": [],
    "logs": [],
    "eventTimestamp": 1778425647394,
    "event": {
        "request": {
            "url": "https://smarta-api.smarta-api.workers.dev/api/residents",
            "method": "GET",
            "headers": {
                "accept": "*/*",
                "accept-encoding": "gzip, br",
                "accept-language": "he-IL,he;q=0.9,en-US;q=0.8,en;q=0.7",
                "authorization": "REDACTED",
                "cf-connecting-ip": "212.199.218.246",
                "cf-ipcountry": "IL",
                "cf-ray": "9f99da883b537d3c",
                "cf-visitor": "{\"scheme\":\"https\"}",
                "connection": "Keep-Alive",
                "host": "smarta-api.smarta-api.workers.dev",
                "origin": "https://caplanim1967-sudo.github.io",
                "priority": "u=1, i",
                "sec-ch-ua": "\"Google Chrome\";v=\"147\", \"Not.A/Brand\";v=\"8\", \"Chromium\";v=\"147\"",
                "sec-ch-ua-mobile": "?0",
                "sec-ch-ua-platform": "\"Windows\"",
                "sec-fetch-dest": "empty",
                "sec-fetch-mode": "cors",
                "sec-fetch-site": "cross-site",
                "user-agent": "Mozilla/5.0 (Windows NT 10.0; Win64; x64) AppleWebKit/537.36 (KHTML, like Gecko) Chrome/147.0.0.0 Safari/537.36",
                "x-forwarded-proto": "https",
                "x-real-ip": "212.199.218.246"
            },
            "cf": {
                "httpProtocol": "HTTP/3",
                "clientAcceptEncoding": "gzip, deflate, br",
                "requestPriority": "",
                "edgeRequestKeepAliveStatus": 1,
                "requestHeaderNames": {},
                "clientTcpRtt": 0,
                "clientQuicRtt": 12,
                "colo": "TLV",
                "asn": 12400,
                "asOrganization": "GOLDENLINES-NET-WAN",
                "country": "IL",
                "isEUCountry": false,
                "city": "Tel Aviv",
                "continent": "AS",
                "region": "Tel Aviv",
                "regionCode": "TA",
                "timezone": "Asia/Jerusalem",
                "longitude": "34.78057",
                "latitude": "32.08088",
                "tlsVersion": "TLSv1.3",
                "tlsCipher": "AEAD-AES128-GCM-SHA256",
                "tlsClientRandom": "t3xp+FKtmIcqH/iL77SjZnvy8LMm7Ib4iB3uMP5UUmY=",
                "tlsClientCiphersSha1": "3HTt3+R/6BL3zeALJDSq0pR1yOQ=",
                "tlsClientExtensionsSha1": "EnhXXLbLnLKB20dNphxmlQqIh+4=",
                "tlsClientExtensionsSha1Le": "1T176ennQ+YQBveez7Dwr/nvkAk=",
                "tlsClientHelloLength": "1757",
                "tlsClientAuth": {
                    "certPresented": "0",
                    "certVerified": "NONE",
                    "certRevoked": "0",
                    "certIssuerDN": "",
                    "certSubjectDN": "",
                    "certIssuerDNRFC2253": "",
                    "certSubjectDNRFC2253": "",
                    "certIssuerDNLegacy": "",
                    "certSubjectDNLegacy": "",
                    "certSerial": "",
                    "certIssuerSerial": "",
                    "certSKI": "",
                    "certIssuerSKI": "",
                    "certFingerprintSHA1": "",
                    "certFingerprintSHA256": "",
                    "certNotBefore": "",
                    "certNotAfter": "",
                    "certRFC9440": "",
                    "certRFC9440TooLarge": false,
                    "certChainRFC9440": "",
                    "certChainRFC9440TooLarge": false
                },
                "verifiedBotCategory": "",
                "edgeL4": {
                    "deliveryRate": 209233
                }
            }
        },
        "response": {
            "status": 200
        }
    }
}
{
    "wallTime": 196,
    "cpuTime": 0,
    "truncated": false,
    "executionModel": "stateless",
    "outcome": "ok",
    "scriptVersion": {
        "id": "607e8a2b-8fd6-46d2-9331-08646331241f"
    },
    "scriptName": "smarta-api",
    "diagnosticsChannelEvents": [],
    "exceptions": [],
    "logs": [],
    "eventTimestamp": 1778425647394,
    "event": {
        "request": {
            "url": "https://smarta-api.smarta-api.workers.dev/api/packages?status=waiting",
            "method": "GET",
            "headers": {
                "accept": "*/*",
                "accept-encoding": "gzip, br",
                "accept-language": "he-IL,he;q=0.9,en-US;q=0.8,en;q=0.7",
                "authorization": "REDACTED",
                "cf-connecting-ip": "212.199.218.246",
                "cf-ipcountry": "IL",
                "cf-ray": "9f99da883b527d3c",
                "cf-visitor": "{\"scheme\":\"https\"}",
                "connection": "Keep-Alive",
                "host": "smarta-api.smarta-api.workers.dev",
                "origin": "https://caplanim1967-sudo.github.io",
                "priority": "u=1, i",
                "sec-ch-ua": "\"Google Chrome\";v=\"147\", \"Not.A/Brand\";v=\"8\", \"Chromium\";v=\"147\"",
                "sec-ch-ua-mobile": "?0",
                "sec-ch-ua-platform": "\"Windows\"",
                "sec-fetch-dest": "empty",
                "sec-fetch-mode": "cors",
                "sec-fetch-site": "cross-site",
                "user-agent": "Mozilla/5.0 (Windows NT 10.0; Win64; x64) AppleWebKit/537.36 (KHTML, like Gecko) Chrome/147.0.0.0 Safari/537.36",
                "x-forwarded-proto": "https",
                "x-real-ip": "212.199.218.246"
            },
            "cf": {
                "httpProtocol": "HTTP/3",
                "clientAcceptEncoding": "gzip, deflate, br",
                "requestPriority": "",
                "edgeRequestKeepAliveStatus": 1,
                "requestHeaderNames": {},
                "clientTcpRtt": 0,
                "clientQuicRtt": 12,
                "colo": "TLV",
                "asn": 12400,
                "asOrganization": "GOLDENLINES-NET-WAN",
                "country": "IL",
                "isEUCountry": false,
                "city": "Tel Aviv",
                "continent": "AS",
                "region": "Tel Aviv",
                "regionCode": "TA",
                "timezone": "Asia/Jerusalem",
                "longitude": "34.78057",
                "latitude": "32.08088",
                "tlsVersion": "TLSv1.3",
                "tlsCipher": "AEAD-AES128-GCM-SHA256",
                "tlsClientRandom": "t3xp+FKtmIcqH/iL77SjZnvy8LMm7Ib4iB3uMP5UUmY=",
                "tlsClientCiphersSha1": "3HTt3+R/6BL3zeALJDSq0pR1yOQ=",
                "tlsClientExtensionsSha1": "EnhXXLbLnLKB20dNphxmlQqIh+4=",
                "tlsClientExtensionsSha1Le": "1T176ennQ+YQBveez7Dwr/nvkAk=",
                "tlsClientHelloLength": "1757",
                "tlsClientAuth": {
                    "certPresented": "0",
                    "certVerified": "NONE",
                    "certRevoked": "0",
                    "certIssuerDN": "",
                    "certSubjectDN": "",
                    "certIssuerDNRFC2253": "",
                    "certSubjectDNRFC2253": "",
                    "certIssuerDNLegacy": "",
                    "certSubjectDNLegacy": "",
                    "certSerial": "",
                    "certIssuerSerial": "",
                    "certSKI": "",
                    "certIssuerSKI": "",
                    "certFingerprintSHA1": "",
                    "certFingerprintSHA256": "",
                    "certNotBefore": "",
                    "certNotAfter": "",
                    "certRFC9440": "",
                    "certRFC9440TooLarge": false,
                    "certChainRFC9440": "",
                    "certChainRFC9440TooLarge": false
                },
                "verifiedBotCategory": "",
                "edgeL4": {
                    "deliveryRate": 209233
                }
            }
        },
        "response": {
            "status": 200
        }
    }
}
{
    "wallTime": 317,
    "cpuTime": 1,
    "truncated": false,
    "executionModel": "stateless",
    "outcome": "ok",
    "scriptVersion": {
        "id": "607e8a2b-8fd6-46d2-9331-08646331241f"
    },
    "scriptName": "smarta-api",
    "diagnosticsChannelEvents": [],
    "exceptions": [],
    "logs": [],
    "eventTimestamp": 1778425647394,
    "event": {
        "request": {
            "url": "https://smarta-api.smarta-api.workers.dev/api/cells",
            "method": "GET",
            "headers": {
                "accept": "*/*",
                "accept-encoding": "gzip, br",
                "accept-language": "he-IL,he;q=0.9,en-US;q=0.8,en;q=0.7",
                "authorization": "REDACTED",
                "cf-connecting-ip": "212.199.218.246",
                "cf-ipcountry": "IL",
                "cf-ray": "9f99da883b547d3c",
                "cf-visitor": "{\"scheme\":\"https\"}",
                "connection": "Keep-Alive",
                "host": "smarta-api.smarta-api.workers.dev",
                "origin": "https://caplanim1967-sudo.github.io",
                "priority": "u=1, i",
                "sec-ch-ua": "\"Google Chrome\";v=\"147\", \"Not.A/Brand\";v=\"8\", \"Chromium\";v=\"147\"",
                "sec-ch-ua-mobile": "?0",
                "sec-ch-ua-platform": "\"Windows\"",
                "sec-fetch-dest": "empty",
                "sec-fetch-mode": "cors",
                "sec-fetch-site": "cross-site",
                "user-agent": "Mozilla/5.0 (Windows NT 10.0; Win64; x64) AppleWebKit/537.36 (KHTML, like Gecko) Chrome/147.0.0.0 Safari/537.36",
                "x-forwarded-proto": "https",
                "x-real-ip": "212.199.218.246"
            },
            "cf": {
                "httpProtocol": "HTTP/3",
                "clientAcceptEncoding": "gzip, deflate, br",
                "requestPriority": "",
                "edgeRequestKeepAliveStatus": 1,
                "requestHeaderNames": {},
                "clientTcpRtt": 0,
                "clientQuicRtt": 12,
                "colo": "TLV",
                "asn": 12400,
                "asOrganization": "GOLDENLINES-NET-WAN",
                "country": "IL",
                "isEUCountry": false,
                "city": "Tel Aviv",
                "continent": "AS",
                "region": "Tel Aviv",
                "regionCode": "TA",
                "timezone": "Asia/Jerusalem",
                "longitude": "34.78057",
                "latitude": "32.08088",
                "tlsVersion": "TLSv1.3",
                "tlsCipher": "AEAD-AES128-GCM-SHA256",
                "tlsClientRandom": "t3xp+FKtmIcqH/iL77SjZnvy8LMm7Ib4iB3uMP5UUmY=",
                "tlsClientCiphersSha1": "3HTt3+R/6BL3zeALJDSq0pR1yOQ=",
                "tlsClientExtensionsSha1": "EnhXXLbLnLKB20dNphxmlQqIh+4=",
                "tlsClientExtensionsSha1Le": "1T176ennQ+YQBveez7Dwr/nvkAk=",
                "tlsClientHelloLength": "1757",
                "tlsClientAuth": {
                    "certPresented": "0",
                    "certVerified": "NONE",
                    "certRevoked": "0",
                    "certIssuerDN": "",
                    "certSubjectDN": "",
                    "certIssuerDNRFC2253": "",
                    "certSubjectDNRFC2253": "",
                    "certIssuerDNLegacy": "",
                    "certSubjectDNLegacy": "",
                    "certSerial": "",
                    "certIssuerSerial": "",
                    "certSKI": "",
                    "certIssuerSKI": "",
                    "certFingerprintSHA1": "",
                    "certFingerprintSHA256": "",
                    "certNotBefore": "",
                    "certNotAfter": "",
                    "certRFC9440": "",
                    "certRFC9440TooLarge": false,
                    "certChainRFC9440": "",
                    "certChainRFC9440TooLarge": false
                },
                "verifiedBotCategory": "",
                "edgeL4": {
                    "deliveryRate": 209233
                }
            }
        },
        "response": {
            "status": 200
        }
    }
}
